movie_name,reviewer,star,comment
阿凡達：火與燼,藤原 翔太,5.0,"有史以來最好看的一集
情感豐富堆疊
戰鬥畫面精彩刺激
隨著劇情推進猶如踏入阿凡達
最後仍希望透過戲劇能學會尊重自然"
阿凡達：火與燼,YUCHENG,5.0,也太好看了吧！必須去戲院看才能體會很好的視覺感受
阿凡達：火與燼,阿文,5.0,畫面太讚。看到沒上廁所。飲料沒喝。太扯。了。要刷到爆炸。怎麼可以那麼好看
阿凡達：火與燼,自由付出代價,5.0,"超好看！只有詹姆斯能超越詹姆斯了，可以說是把故事講的很細又長且還不會拖
讓我覺得4刷5刷都不成問題"
阿凡達：火與燼,蕭羽良-SmoothERmine,5.0,"🎬 《阿凡達：火與燼》觀後心得 🔥🌋
下班後硬撐 3 個半小時 進戲院，還得面對隔天一早上班的現實節奏，說不累是騙人的……
但！只要電影一開始——
所有疲勞瞬間被畫面碾碎。
現在的電影技術真的已經進化到一個誇張的境界。
電腦特效幾乎到了 真假難辨 的程度，每一幕都美到讓人屏息，完全是視覺饗宴等級。
更難得的是，《火與燼》並不只是炫技。
在角色刻劃、情感鋪陳與劇情轉折都維持在非常好的狀態下，
特效不但沒有喧賓奪主，反而被推升到一個「服務情感與敘事」的新高度——
真正做到 內外兼具。
它的優點與缺點其實來自同一個切入口（一體兩面）：
融合前幾集所有成功元素後，整體呈現更加極致、更加成熟，
但相對地，新元素的驚喜感確實稍微保守了一點。
不過這個小小的取捨並不影響整體觀影體驗，
反而讓人更清楚感受到——
這是一部世界觀、技術與敘事都已經站在高原上的作品，
穩定、紮實，而且依然震撼。
結論只有一句：這部真的很神。
而且，會讓人毫不猶豫地期待下一集。
———"
阿凡達：火與燼,陳威全,5.0,這已經是一部神作等級了
阿凡達：火與燼,Jet 政哲,5.0,3D動作和爆破場面大升級，只有IMAX影廳才能完全體驗這部片要展現的魅力，整體而言比上一集水之道好看👏👏👏
阿凡達：火與燼,Marcus小賴🙂,4.5,比水之道好看，有找回第一集的感動，雖然很多戰鬥畫面片段都一樣雷同，但劇情鋪陳的比較詳細
阿凡達：火與燼,Doris,5.0,"覺得比2還好看
親情部分差點哭出來"
阿凡達：火與燼,LEI°雷,5.0,真的是神作沒有在失望的，看了4D結合陸海空動畫特效，只能說實在是看了超級爽🤣，看了23:40分林口場次，結束也都凌晨3點了，現場滿滿人一起瘋，真的要到電影院才能感到那爽度，期待下一集
阿凡達：火與燼,嘉豪😀,4.0,好看 只有去電影院才能呈現他的視覺效果
阿凡達：火與燼,瑄瑄:D,5.0,"身為阿凡達系列粉絲
一開場看到漂亮的潘朵拉星球
不僅一直被感動很多次
還很想沈浸在這美麗的世界
尤其對突猑真的好愛又好漂亮😍
雖然人類無止境的破壞讓人很心痛💔
反而可以讓人省思現在我們住的星球也需要好好保護！
有空會再二刷～絕無冷場 值得大家去看卡麥隆大師的作品❤️"
阿凡達：火與燼,Adam,5.0,"極推4DX 跟3D IMAX
阿凡達星球很美很大
劇情完整 打鬥精彩
覺得4DX花的很值得
沒有彩蛋喔"
阿凡達：火與燼,蘇千翔,5.0,"看完第三集，還是一樣的震撼與感動
果然只有阿凡達能超越阿凡達"
阿凡達：火與燼,荳荳,5.0,"三小時多沒離開過，完全不想錯過任何片段。
從前面的喪志，到後面振作，完全懂一個媽媽的心情，家族裏各自角色的內心。哭了三次🥲
海陸空精彩紛呈
真的很值得一看再看👍👏期待續作～"
阿凡達：火與燼,淨穎·ࡇ·,5.0,超級好看 最好看的一集 哭了好幾次
阿凡達：火與燼,.,5.0,"我一直覺得卡麥隆在做出阿凡達1之前最好的電影是
1989年的《無底洞》（我個人覺得比魔鬼終結者2或鐵達尼號都好），因為它保證擁有整個1980年代最頂級的特效與大場面，星際大戰前傳2《帝國大反擊》開頭的帝國艦隊場面都比不過《無底洞》裏的唯美外星人與壯麗的海底城（我知道星際大戰那場面確實也很震撼，但論美感還是《無底洞》更好），柯麥隆也打從四十年前就很熱愛海洋探索，他替國家地理頻道做的鯨魚紀錄片也很好看。所以我現在對柯麥隆的要求很簡單：用人類中間最頂級的CGI復現《無底洞》的那種壯麗深海美感就行了，阿凡達2和這部片就辦到了這些。「劇情老套」這個明顯缺陷並不在我的考慮範圍內，反正他至少仍然在好萊塢敘事能力衰落的年代裡，好好講一個完整、不瑣碎的故事。（其實阿凡達2和3在劇情最大的創新，就是使得納美人的反抗故事更接近16世紀西班牙人征服南美洲的歷史，上校的角色塑造得很像征服阿茲特克帝國的赫南·科爾特斯）
最後補充一點：當傑克被上校與反派土著押送到人類殖民城市的那一刻，整個1980年代的賽博朋克感覺都回來了，光這一幕，奧斯卡給柯麥隆十座最佳特效獎都不夠"
阿凡達：火與燼,高 義勝,5.0,值得多看幾次！
阿凡達：火與燼,Anymurmur,5.0,"神作！超好看，今年心中第一名！
完全不覺得3小時已經過去，很值得進電影院觀影"
阿凡達：火與燼,阿倫,5.0,很爽 故事很完整
阿凡達：火與燼,Jordan Ko(登喬),5.0,"《阿凡達》第一、二集皆以 3D 觀賞，這次則選擇 2D 版本，反而更能專注於劇情本身。整體故事結構完整，起承轉合清楚，敘事節奏穩定。
在鋪陳手法上，第三集與第二集有相似之處，皆以循序累積情緒與衝突為主；不同的是，第三集的劇情走向明顯更加曲折。納美人沒有科技上的優勢，只能在有限資源之下，仰賴帶有宗教信仰色彩的超自然力量來翻轉局面，這樣的設定似乎反映了導演卡麥隆欲傳達的價值觀。"
阿凡達：火與燼,Albert Lai,5.0,"只有卡麥隆才能挑戰卡麥隆
最好看的一集"
阿凡達：火與燼,劉碩晟（レイ）,4.0,"《阿凡達：火與燼》不只是續集，而是一次更沉重、更灼熱的情感衝擊。
當「火」象徵憤怒、復仇與失控，「燼」則是戰後留下的傷痕與反思。
潘朵拉不再只是美得夢幻，而是被逼著面對代價與選擇。
視覺依舊震撼，但真正留下來的，是角色在失去與信念之間的掙扎。
這一次，阿凡達燒進心裡，也燒出更多人性的灰燼。"
阿凡達：火與燼,Jumpman,4.5,目前最頂的一集，戰鬥超精采，人物刻畫更細膩，絕對要看
阿凡達：火與燼,Shenghong 昇鴻,5.0,"看到哭欸 太好看了這一集
建議開演前三個小時要開始禁喝水"
阿凡達：火與燼,Vimy,5.0,"我剛看完《阿凡達》，真的覺得超好看！
畫面和音樂都很震撼，整個世界觀很美、很有臨場感，而且故事也蠻感人的，看完心情會被拉走一大段時間。"
阿凡達：火與燼,Dear♡,5.0,比上一集好看很多推推
阿凡達：火與燼,正宗,5.0,阿凡達最強的物種是透抽
阿凡達：火與燼,昱倫,5.0,太好看了
阿凡達：火與燼,劉詩雅,5.0,神作
阿凡達：火與燼,泳瀚Han,5.0,"

當詹姆斯·卡麥隆（James Cameron）再次將我們帶回潘朵拉星球時，他不僅僅是延續了一個故事，而是點燃了一場更為熾烈、更具毀滅性的史詩衝突。《阿凡達：火與燼》這個片名本身就充滿了預示性——「火」代表著毀滅性的侵略、無情的戰火與內心的怒火；而「燼」則是劫後餘生的灰燼，是創傷的痕跡，同時也暗喻著從灰燼中重生的希望。
若說首集《阿凡達》帶領觀眾潛入深邃瑰麗的海洋與雨林，那麼《火與燼》無疑是將我們引向了更具對比性的「火」之領域。預告中驚鴻一瞥的「熔岩部落」與其獨特的生態環境，再次證明了卡麥隆團隊在世界構建（World-Building）上無與倫比的想像力與執行力。水的柔美與火的暴烈形成鮮明對比，戰鬥場面不再僅是箭矢與機槍的碰撞，更是元素與文化的衝擊。每一幀畫面都是藝術，每一次飛翔與奔馳都讓人身臨其境，這不僅是一部電影，更是一場耗資鉅萬的感官朝聖
"
阿凡達：火與燼,🎉🎊亂之戰🎊🎉,5.0,"好愛這部史詩鉅作的藝術商業電影
家庭 種族 摯愛 團結 接納 堅定 戰鬥 生物 信仰 現代科技 軍事分歧 自然生態 火與水 暗與光 血與淚 非常之豐富
還有大場面與特效，光是看這些就值回票價
好期待第4集的故事 希望會有瓦蘭這更多背景故事
真有你的卡麥隆能拍出超越第1集經典
第2集鋪設發揮在第3集這故事鋪的太好了"
阿凡達：火與燼,🩵Yijun🩵,5.0,太好看了吧🤩🤩🤩🤩
阿凡達：火與燼,zero,4.5,剛看完，有回到最初集結的感動，細緻特效，無冷場，即使沒看過2也沒差，大家可以衝影城了
阿凡達：火與燼,詹曼姍,5.0,能讓我刷很多場的一部
阿凡達：火與燼,涼,5.0,爽片，很讚，建議享受電影不要太吹毛求疵
阿凡達：火與燼,vivian（品）,4.5,好看
阿凡達：火與燼,Jrue🐽™,5.0,好看
阿凡達：火與燼,"牛肉麵🐸星維,韋綸媽媽",5.0,"這集超級精彩，比前兩集好看很多
我看的好緊張🤣
時間過很快，很快3小時就過去了
超級推薦，我都想二刷了"
阿凡達：火與燼,N,5.0,"film terbagus di penghujung tahun 2025, aku puas nonton 3 jam 17 menit tanpa skip ke toilet, trimakasih sangat memukau, dan aku keluar paling ahir dari ruangan 捨不得結束了❤️❤️❤️太好看."
阿凡達：火與燼,張家源,5.0,畫面超壯觀的🌟
阿凡達：火與燼,廖雅玲,5.0,真的超級好看
阿凡達：火與燼,Matt,5.0,畫面很棒值得到電影院一看
阿凡達：火與燼,小月,5.0,"剛看完這集，個人覺得比第二集好看
也是從頭看到尾，讓人捨不得去上廁所
特效跟劇情都很讚，值班去電影院看
有好幾次都差點看哭"
阿凡達：火與燼,Richard cheng,5.0,一碗麵給了一堆松露，真的一點都不覺得多餘，只有不懂吃的消費者才會覺得難吃
阿凡達：火與燼,小普,5.0,雖然有人說這集不好看，但我看完後覺得撇除第一集是經典外，第三集拍的真的很棒！劇情完整、角色情感豐富、世界觀清楚交代、場景壯觀華麗、節奏不冷場！3小時看得很爽，值得花錢進去看，記得先上廁所
阿凡達：火與燼,Punk,5.0,整體比第二集好很多，要是能把多餘的文戲拿掉約在2.5小時可能會比較好
阿凡達：火與燼,小畫家,5.0,打鬥畫面都很精彩，值得二刷
阿凡達：火與燼,陳靜雯,5.0,"身為阿凡達的影迷，一定要去看
有歡笑有淚水，重要的是傑克老婆太帥了"
阿凡達：火與燼,William,4.5,"比第二集好看，這三個小時裡沒有冷場
電影結束後可以直接離開因為沒有彩蛋。"
阿凡達：火與燼,洪邦復,4.5,好看
阿凡達：火與燼,Jacob舜郁,5.0,好看👍
阿凡達：火與燼,小郭Jacky,5.0,沒冷場，曼關人的女魔頭也太像阿妹了吧😂😂😂
阿凡達：火與燼,Lena曉菁,5.0,覺得很好看啊～無冷場！ 瓦蘭新角色演的超棒的
阿凡達：火與燼,洪采靜,5.0,非常好看，值得一看
阿凡達：火與燼,吃啥啊,4.0,在看一次
阿凡達：火與燼,小帥,4.5,比之前好看
阿凡達：火與燼,皮丘,5.0,😍😍
阿凡達：火與燼,发给你发,4.5,好看
阿凡達：火與燼,張雁淳,5.0,阿凡達第一級非常好看，非常棒非常讚演得很好喔！這個動作片電影非常好，演得不錯喔！我要準備去看阿凡達：火與燼電影喔！我要搭配甜和鹹的大爆米花搭配無糖綠茶看電影喔！
動物方城市2,Yun,5.0,"有片尾彩蛋🥚 記得坐到最後～
（在播完主題曲跟某首中文歌之後）"
動物方城市2,AK!RA,5.0,99分！今年最好看的動畫了！尼克永遠吊兒郎最超好笑！如果沒有中文主題曲干擾會更棒！
動物方城市2,糖糖🍬,3.5,中文主題曲扣星
動物方城市2,劉搏瀚,5.0,"今天禮拜3先睹為快哦！！🎊🍾
自從很久以前我看完迪士尼動畫電影：（動物方城市）第1集以後，就迫不及待想要知道在第2集當中兔子哈茱蒂🐰和狐狸胡尼克🦊這對最佳拍檔即將展開讓我們跌破眼鏡的大冒險來哦！！😍🥰
不只是哈茱蒂的爸媽，蠻牛局長🐃和洪金豹🐆，黑社會龍頭老大B老大和他寶貝的掌上明珠露露🐹；如今深受哈茱蒂的救命之恩變成無話不談的閨蜜哦！！🪩❤️‍🔥
還有利用夜嚎怪使肉食怪物都性情大變來大權在握的兇手楊咩咩🐑是否會東山再起呢？😈☠️
包括樹懶快俠🦥和黃鼠狼威斯頓公爵，這次一樣由夏奇拉再度為志羚姊姊🦙獻聲演唱繼(Try Everything)後的最新歌曲叫(Zoo)哦！🎙🎵
因為我有上網Youtube查詢迪士尼音樂頻道，很快就可以欣賞夏奇拉親自打扮志羚姊姊唱歌跳舞即好看又好聽的MV哦！！🎤🎶
當然可以看見有新成員加入其中，有藍色竹葉青蛇的逃犯佘蓋瑞🐍和協助茱蒂和尼克逮捕犯人的專家河狸妮寶🦫還有為茱蒂和尼克進行諮商的治療師超卡哇伊的短尾矮袋鼠絨絨博士🦘。♥️💋
最怕就是知人知面不知心，真心希望絨絨博士別和楊咩咩一起同流合污風雲再起啊！！😱😎"
動物方城市2,文文,5.0,尼克一如既往的帥氣啊~沒有拿到特典好可惜
動物方城市2,Sunny Huang,5.0,跟第一集一樣有趣又感人，細節超多，看完覺得要二刷。搞笑的地方笑到流淚，也有不少致敬其他迪士尼作品的片段。最後中文歌放完還有一小段彩蛋，記得要坐到最後。
動物方城市2,A,5.0,"可以不要播派對動物嗎
難聽死 是誰提出的餿主意啊"
動物方城市2,阿霖,5.0,"我個人覺得~第一次先了解梗和彩蛋出現時機,再二刷會比第一次好看"
動物方城市2,徐千喻,4.5,好看，雖然狐狸跟兔子剛開始意見不是很合，但都還是願意接受彼此的不完美，傾聽彼此的心聲，最後完全目標，在現實的社會裡人與人之間的相處是不是都充滿著互相猜疑與利用，事業如此，感情如此～
動物方城市2,藤原 翔太,5.0,可以二刷
動物方城市2,🥶,5.0,"畫面都好美 希望慢一點點
人 都該擁有一個這樣的夥伴
歌曲又帶回人間 唯一中文變英文的部分"
動物方城市2,賴彥廷,4.5,好看，少1分，因為後面竟然是五月天的歌，不搭
動物方城市2,林點點,5.0,第二集還是非常的好看又感人，歌很好聽又洗腦
動物方城市2,蠟筆小欣,5.0,"看他們兩個互動好甜好可愛
劇情也很棒
迪士尼久違的動畫神作，還是續集！"
動物方城市2,李依純,5.0,好看，推薦去看
動物方城市2,劉碩晟（レイ）,4.0,"睽違多年再次回到動物們所組成的城市，《動物方城市2》不僅選擇複製前作歡樂與驚喜的節奏，也把焦點放在更貼近現實、更具有挑戰性的議題上。
這次的故事讓人看見「夢想實現以後」真正要面對的，是更深的身份認同、職涯壓力，以及社會結構底下的矛盾。
茱蒂與尼克的互動成熟卻不失幽默，既有夥伴的信任，也有朋友之間的鬥嘴，在續作中不斷讓觀眾會心一笑。
他們的冒險不只是破案，更像是對「成為某種角色」這件事的再次試煉。
本片延續前作的核心——偏見與刻板印象，但把觀點延伸到「站在聚光燈下的人會承受什麼？」、「所謂的團結是否會壓縮個體的差異？」故事節奏兼具娛樂與深度，讓大人感受真實世界影子的同時，小孩也能看懂表面的冒險與成長。
新地區、新物種齊登場，整座城市更鮮明、更立體。
動物角色的細節表現比上集更細膩，每個場景都像在對觀眾說：「歡迎回到你們最想念的城市。」《動物方城市2》不是單純的續作，它更像是一封寫給「長大後的我們」的信。
整體來說，這是一部讓人開心、感動，也值得思考的作品。
如果你愛第一集，那第二集依然會讓你感受到那種「回到家的溫暖」。"
動物方城市2,Pin-Wu Yu/禹品武,5.0,"下午剛看完；真的真的！好看！可能比第一步更好看！
整廳只有我一人🤣🤣（這已經是第二次了）
之前第一次整廳我一人是「功夫熊貓3」剛上演"
動物方城市2,For Good,4.5,二刷了、還是那樣驚艷！除了片尾突然放出五月天的老歌莫名其妙的違和感外、堪稱完美的-最棒迪斯尼作品！！我其實…很想問一下五月天、你們覺得呢？
動物方城市2,志鴻,5.0,"值得推薦👍
劇情不錯
這次同時又能看到各種生態區域
而且透過不同動物生活習性來串聯
加上主題曲十分好聽
很值得觀看"
動物方城市2,陳淑琴,5.0,很出色的續集！喜歡動物方程式1的絕對不要錯過，胡尼克的表情好好笑，整個過程笑點不斷，友誼的部分也很感人，非常推薦
動物方城市2,Charlton,5.0,覺得第二集比第一集更緊湊、更好看～ 讚～ 笑梗非常多 尤其那個 I knew it! 😆
動物方城市2,楨,5.0,劇情緊湊非常好快
動物方城市2,Ally小昀,5.0,好看👍
動物方城市2,宇文拓,5.0,真的很好看，而且還埋了滿多曾經的時事流行梗，像是喝可樂的北極熊之類的😆，其它就留給各位自行觀賞時發覺啦，是值得進電影院觀賞的闔家歡樂動畫電影🤩
動物方城市2,熱狗,5.0,可能有人覺得立意不如第一部，但情懷，以及面對喜歡黑深殘流行洪流中仍然保持迪士尼味的初心很難得了，狐兔99
動物方城市2,Shin-Chun Wu,5.0,第二集也很棒，為了沒看到的彩蛋之後考慮二刷🤣
動物方城市2,又祥,5.0,好看喔 推推
動物方城市2,阿文,5.0,好看喔
動物方城市2,沛公,5.0,超讚👍
動物方城市2,Paul,3.5,還可以，後面精彩，但我有一度快睡著⋯😅
動物方城市2,騎著鯊魚的蘋果,5.0,"真的很溫馨感人又爆笑，超好看的！
超❤️❤️❤️
其實我覺得尼克讓人蠻有安全感的，雖然他個人處事態度蠻消極的，但是每次朱迪衝出去或是遇到困難，尼克還是很無奈的想辦法一起解決，他已經改變很多了！"
動物方城市2,杜昱瑩💫,5.0,"超級好看，沒有冷場，而且好好笑！
因為陪孩子看中文版，
沒想到居然還是好看又好笑，
讓我好想再看一次真正的英文版～
動物們的畫面質感非常好，
毛茸茸超療癒，建議大螢幕欣賞，
和下檔之後看影片應該會很有差別！"
動物方城市2,Elsie,5.0,"🥰 😍 I LOVE IT Soooooo much
"
動物方城市2,捷 Iris,5.0,好看到想二刷
動物方城市2,雅雅Sara,5.0,超可愛的，第二集也很精彩，推薦！
動物方城市2,昱倫,5.0,超好看
動物方城市2,Jimmy,5.0,真的不得不說迪士尼動畫畫質真漂亮，更完整敘訴動物方城市細膩劇情和精美的巧思，朱蒂和尼克的互動與搭配，加上利用個性弱點的反派，越來越想知道第三集又會是什麼內容哦！真心推薦！
動物方城市2,UU❤️,5.0,超好看
動物方城市2,K꙼̈atrina,5.0,"有夠好看的
看留言才知道有彩蛋😭"
動物方城市2,丹丹,5.0,超好看 期待第三集
動物方城市2,連ㄌㄨ(●⁰౪⁰●),5.0,呀呀呀 呀呀 呀呀 喔喔喔喔哦 哦哦
動物方城市2,吳柏臺💤👀,5.0,超好看，有很多彩蛋，很適合再看一次
動物方城市2,Miyuki D,5.0,"第二集，好看又可愛的
很喜歡和看的好開心
及太喜歡這對🐰🦊了💞"
動物方城市2,怡欣,4.0,好看
動物方城市2,費小芬,4.5,不懂為何片尾會出現中文歌？？？很突兀不搭嘎覺得可惜了一整部好片!一開始還以為因為中文版的關係，可是不對啊，我看得是英文版耶！撇開不快，主角們真的好可愛，尤其Nick總是那種吊郎當的浪子表情超爆笑。有些劇情橋段有搞笑，但印象中還是第一部是會笑到翻過去那種，很經典。
動物方城市2,洪宜君,5.0,神作
動物方城市2,Wa,4.5,可以多刷幾次！
動物方城市2,路仁甲乙丙丁,5.0,有歡笑有淚水，當然淚水的部份成人比較有感，全家大小可以一起進場看👍
動物方城市2,伍語嫺,5.0,好電影分享
動物方城市2,蔡芝菲,4.5,好想看唷
動物方城市2,孫美琪,5.0,超級好看
動物方城市2,王忠翰-Ryan,5.0,很棒的劇情
動物方城市2,劉碧玲,5.0,好讚的電影😊
動物方城市2,池鴻旭,5.0,不錯看的電影
動物方城市2,藍傑恩,5.0,好電影一部
動物方城市2,賈宗毅,5.0,Good
動物方城市2,嚴廣德,5.0,讚👍
動物方城市2,法国恢复,5.0,Good
動物方城市2,杜瀅蓓,5.0,Good
動物方城市2, 围绕,4.5,好看
冠軍之路,逸戎,5.0,看到片中幾位旅外球員在國外發展及私底下的辛酸，真心覺得他們旅外也是希望爭取到好成績，證明自己的實力，讓台灣發光發熱，12強我們終於奪得世界冠軍，但球迷該省思的，球員的努力，我們都該繼續支持下去，相信他們，多去球場支持心愛的球隊球員，一起Team Taiwan 。
冠軍之路,Rumi當然是C位,5.0,"這是一部已經知道結局但處處驚喜的紀錄片，可以看到這些球員養成之路上的辛苦和努力，也能看見球員、教練、情蒐團隊間是怎樣配合，我喜歡球員分享上場前決定怎麼和對方打者或投手的決策過程，原來球員是這樣思考的，絕對不是什麼球來就打這種盲目路數，鬥智和放手一搏的自信和拚勁真的很迷人。
野球/棒球真的是最能凝聚國人團結心的一項運動，不管是堅持稱呼我們是Team Taiwan還是中華隊，我們就是同一隊、這就是我們的國家隊。
台灣人現在最迫切應該面對的，也是國家認同的釐清，你是要選擇當一個堅持不懈的勇敢台灣人，還是要當投降派、淪為永世只能跪著站不起來的中國奴呢？"
冠軍之路,張點點,5.0,有感動也有很好笑的地方
冠軍之路,Jumpman,4.5,不看棒球的可以跳過，但，有看棒球的人一定要看！看到好多人偷偷擦眼淚，真的很感動！
冠軍之路,泡泡鼠,4.5,張奕不放棄的精神令人感動，祝福你，棒球生涯繼續精彩發光。
冠軍之路,Jason Liu,4.5,完整記錄十二強過程和球員心聲的紀錄片，戲劇性的過程和結局，是背後無數團隊情蒐和球員經挫敗後仍努力奉獻的成果，從片頭氣氛和配樂的營造就已經讓觀影者感受的熱血沸騰，片中串聯了各場賽事、團隊精華與訪談毫無冷場，曾經親臨賽事現場的自己也彷如重新回到十二強現場重拾對於Team Taiwan的感動！
冠軍之路,鼎勳🤍醫療保險，退休理財（信安保經🫶🏻🔱）,5.0,超熱血～超好看🏆☺️👍
冠軍之路,黃暉鈞（コーラ）,5.0,勵志、感動，好看！
冠軍之路,陳怡均Judy,5.0,"不管是音效或是剪輯,每個瞬間的編排都很能帶觀眾 進入這條冠軍之路,能感同身受當下的氛圍,更深入認識那些選手"
冠軍之路,Andy南,5.0,非常熱血感動的電影臺灣棒球奪下世界12強冠軍的過程都描素的很清楚太棒了
冠軍之路,葉法明,4.5,非常感人的奮鬥過程，拿到世界冠軍不是偶然，是所有團隊努力的成果，幕後人員也功不可沒，這個冠軍是台灣所有人的冠軍，影片值得一看再看👍
冠軍之路,淑美,5.0,很好看，滿滿的感動，配樂太強了！
冠軍之路,𝑥𝑖𝑒𝑠,5.0,好看
冠軍之路,*Hans*謝漢斯*,5.0,真的不是單純講比賽，把很多選手的心路歷程都挖出來了。很值得看！
冠軍之路,葉佳錦,4.5,"1/1上映帶著打球的小朋友一起觀影，
看完後他們都好想練球，
中間看著看著就感動了，黃恩賜的笑點，
根本是勵志片傑憲和張奕講述心路歷程……
其實打球過程中如同人生的縮影
每個play都是新的開始、每年都有新的賽季，
哭著哭著就笑了，享受體驗當下
很開心有生之年經歷此次賽程
2025樂天桃猿拿冠軍的過程也很激勵球迷
但拍出來可能只有猿迷會看吧！"
冠軍之路,Miku,5.0,不追棒球的我也看到很感動～台灣人都必看進去支持的一部紀錄片
冠軍之路,沛公,5.0,超讚👍
冠軍之路,王芯Sin Wang,5.0,推爆！這條艱辛的冠軍之路，大家一起見證，未來不管怎麼樣，都要繼續支持！！！
冠軍之路,Kaiwei,4.5,必看
冠軍之路,FDO,5.0,"非常好看
不懂棒球的人也能看完全場
情緒價值滿滿"
冠軍之路,Jason,5.0,"很高興這部紀錄片關注在選手教練、整個團隊人員背後的故事，而非只是賽場上的表現。
是一部資深棒球迷、一日球迷都能享受其中的電影。感人、好笑、振奮人心，是必看的一部好作！"
冠軍之路,小魚,5.0,很勵志感人，超級好看
冠軍之路,Jessica,5.0,這是一趟奇幻的旅程，謝謝你，我的中華隊
冠軍之路,合歡山- 小林,4.0,後面非常感動，電影的配樂非常棒
冠軍之路,到付件,3.5,很棒
冠軍之路,張景溢,4.5,Good
冠軍之路,不明的用戶,3.5,good
冠軍之路,Ken（益通泰）,4.5,滿滿的感動穿插著笑點
冠軍之路,程 Megan,3.5,真好
冠軍之路,蘇小芸,5.0,超好看的記路片很感動！
冠軍之路,許展綸,5.0,真的很感動，值得進電影院觀賞
冠軍之路,路仁甲乙丙丁,5.0,再感動一次，尤其是後面主題曲一下，雞皮疙瘩啊！
冠軍之路,小栢陳栢頤𝑻𝒆𝒅𝒅𝒚 𝑪𝒉𝒆𝒏🦁️,5.0,熱血感動🔥
冠軍之路,癡癡地,3.5,不錯
冠軍之路,中心徐,4.0,不錯
冠軍之路,不明的用戶,5.0,❤️
冠軍之路,不明的用戶,3.5,Ok
冠軍之路,不明的用戶,3.0,還不錯
冠軍之路,江以辰,3.0,還行
冠軍之路,Jessica & Steven 爸爸,5.0,感動！給小孩勵志的紀錄片，用行動挺台灣！
冠軍之路,阿達,4.5,只要是台灣人都該要看過
冠軍之路,林朔宇$.Y.Lin🤡🧌,4.0,都給我去看！！
冠軍之路,Bryan,0.5,過去式
陽光女子合唱團,Yu,5.0,"《陽光女子合唱團》是一部故事結構其實不複雜、甚至可以說走向相當好猜的電影，但真正坐在戲院看完整場後，會發現它的感人之處，從來不是靠情節反轉，而是來自情緒堆疊的節奏與真誠。
整部電影看起來非常順，幾乎沒有讓人出戲的地方。音樂的運用尤其出色，穿插得自然又好聽，不是那種刻意拉情緒的配樂，而是和角色狀態緊緊貼合，讓情感慢慢累積上來。看到後面真的會忍不住希望有機會推出原聲帶，單純為了再聽一次那些旋律。整體觀影感受是笑中帶淚，但不沉重，是很溫柔的那種感動。
故事的主軸其實很清楚，是圍繞在小女孩與媽媽之間的關係展開。電影並沒有急著把情緒說滿，而是用一種很節制的方式，慢慢描寫她們之間的牽掛與成長。同時，也透過這條主線，自然地帶出其他獄友們各自的人生片段。這些角色的故事篇幅都不長，但不流於陪襯，每一段都剛剛好，為整個故事增加了厚度。正因為主線穩定、支線節制，這些零碎的小故事在串在一起時，反而讓整部電影更完整、更有層次。
演員的表現也是這部電影很大的亮點，每個人的情緒都拿捏得非常剛好，不會過度用力，也不會顯得冷淡。導演的敘事方式同樣值得稱讚，完全不會讓人有「在逼你哭」的感覺，而是讓情感自然流動。"
陽光女子合唱團,Edison,5.0,進去看之前，先確認有帶足夠的衛生紙
陽光女子合唱團,Alen Chen,5.0,上次看電影流眼淚剛好是比悲傷更悲傷的事，導遊很厲害，我平常其實沒血沒淚的，哈哈，兩部電影騙了我兩次眼淚
陽光女子合唱團,蕭桂君,5.0,超級好看，好笑，好感人，每個人都演的很好
陽光女子合唱團,Kenix 張小娟,5.0,好幾個地方都讓我流淚，尤其是奶奶、女兒的地方，不會想睡
陽光女子合唱團,🏆Champion Lu🏆,5.0,需要衛生紙🧻
陽光女子合唱團,張苑亭Rita,4.5,"準備好手帕！衛生紙不夠用～
超推薦大家去看～
連看電影會睡著的媽媽都看到結束～真的很推！"
陽光女子合唱團,不明的用戶,2.5,😒😒
陽光女子合唱團,Ivy,4.5,"很感人。劇中安心亞的演技大突破！值得進電影院捧場
Akin的歌也很好聽"
陽光女子合唱團,V,0.5,.…
陽光女子合唱團,不明的用戶,2.5,還好的
陽光女子合唱團,不明的用戶,2.5,Ok
陽光女子合唱團,SYu 思羽❣️,5.0,非常好看！故事節奏流暢、哭點笑點的掌握恰到好處，目前唯一讓我從頭哭到尾，哭到隔壁陌生阿姨給我遞紙巾🧻
陽光女子合唱團,鄭義倫,5.0,"真的好看感人
本以為是喜劇片，後來跟老婆一起感動到哭⋯
歌很好聽。值得一看"
陽光女子合唱團,小伊,4.5,超好看的
陽光女子合唱團,櫻良（我愛周深）,5.0,我本身就很愛哭，看這部的時候，哭得死去活來，電影結束一直擤鼻涕，因為電影帶給我的情感和畫面久久不散，大家都走了我還跑到廁所去哭，早知道帶手帕了啦！
陽光女子合唱團,耀,5.0,超級好看的電影，有歡笑有淚水，哭了好多次，超級感人的
陽光女子合唱團,酷樂,4.5,陳意涵的演技還是充滿渲染力，非常好看
陽光女子合唱團,Hong 浤,5.0,"老中青演員把整部電影詮釋的很好
到感人的畫面真的會默默流下淚來
建議淚腺發達的可以多準備衛生紙"
陽光女子合唱團,淇樺,4.5,"非常值得且推薦進電影院觀賞的電影，有笑也有淚。
雖然片長兩個多小時，但整段過程絕無冷場，
妳有故事、我有淚水，請記得攜帶紙巾！"
陽光女子合唱團,無花果,5.0,超好看的
陽光女子合唱團,Eno,5.0,超好看，今年必看片啦～
陽光女子合唱團,黃建賓,5.0,真的要準備好手帕！
陽光女子合唱團,胡曉葳,5.0,安心亞真的太美了，超級值得去看
陽光女子合唱團,Emily。瑋💞🙏🌹👑💞,4.5,故事完整節奏明快、非常好看、超越韓國原版、餘韻無窮、立即有二刷衝動
陽光女子合唱團,Min,5.0,"我認為是一部充滿母愛的電影，比預期好看很多 (真的要帶衛生紙)。
母親對孩子的愛、母親願意為孩子犧牲以及再重新遇見自己的孩子，
甚至是出獄後大家都默默關心著小女孩，這幾個情節哭到不行。
非常推薦大家去電影院看(捧場)"
陽光女子合唱團,Jeremy Lien,5.0,"超級無敵好看,很感人
超推薦！！！"
陽光女子合唱團,sylar.z,5.0,真的是很棒的作品 情感很真實 會想要二刷
陽光女子合唱團,Bella,5.0,非常好看，會二刷
陽光女子合唱團,池,5.0,拍的好、演的好
陽光女子合唱團,不明的用戶,3.0,可以
陽光女子合唱團,不明的用戶,3.0,👌
陽光女子合唱團,佳炘,4.5,一定要帶衛生紙去看電影，很好看
陽光女子合唱團,曾乙修,5.0,好看
陽光女子合唱團,林語彤,4.0,很棒
陽光女子合唱團,林美玉,3.5,很棒
陽光女子合唱團,不錯,4.0,不錯
陽光女子合唱團,不明的用戶,3.5,Good
陽光女子合唱團,不明的用戶,4.0,g d
陽光女子合唱團,Chuck,5.0,哭慘的一部電影 只能說是我這幾年看過最好的國片👍👍
陽光女子合唱團,Huei,5.0,超級好看
陽光女子合唱團,互動小玉Funyu,5.0,"雖然是翻拍韓影
有台灣自己的味道
親情部分讓人共情
哭點低的人要帶衛生紙"
陽光女子合唱團,Anny,5.0,好看，我的哭點特別低，建議帶手帕，衛生紙不夠用
陽光女子合唱團,黃暉鈞（コーラ）,5.0,熱淚盈眶，大推 👍
陽光女子合唱團,不明的用戶,4.5,Good
陽光女子合唱團,Cathy*秀,4.5,很好看，情緒一層一層堆疊但不濫情，必帶手帕或衛生紙，容易共情的人很容易落淚
陽光女子合唱團,黃小步,5.0,今年的🇹🇼🇹🇼天花板電影👍👍
陽光女子合唱團,阿文,5.0,好看。感人
陽光女子合唱團,李加承,5.0,必須要看，大推，好哭
陽光女子合唱團,昱凱,5.0,"12/31就到戲院去捧場
說實話
我之前對純女性的電影
常常都是興趣缺缺
之所以會想看這部電影
完全是衝著：女星翁倩玉
結果整部片的演員
都很會演
讓人感動
而配樂也很棒
是一部好看的電影"
陽光女子合唱團,林建宏,3.5,很棒
家弒服務,蘇千翔,5.0,劇情設計的很不錯，大推
家弒服務,阿文,5.0,好看。男帥。女美。音樂好聽。也好笑難得那麼好看到。2小時沒人上廁所。好多人看
家弒服務,李志忠,5.0,懸疑刺激引人入勝，女主角可愛又好看，最後結局大快人心，期待之後的第二集。
家弒服務,朱庭萱 Kaya,5.0,反轉很精彩，兩位女主角都超會演🤩
家弒服務,郭小十,4.5,劇情的反轉讓人意想不到
家弒服務,宥希💚,5.0,劇情很精彩 演員都超好看 喜歡😻
家弒服務,賣悶,4.5,"凡事都有代價，這部電影會花錢買票值回票價！
可以看！"
家弒服務,Erin 楊于萱,5.0,反轉太驚人了😱😱
家弒服務,劉搏瀚,5.0,"最好的建議就是先去看完這部Movie的原著小說，閱讀完這部（家弒服務）小說以後再過去欣賞完整影視化的作品來分享感想最好。👍
老實說我有去買這部（家弒服務）小說3部曲，包括（家弒絕招）和（家弒對決），而且以後還會推出（家弒服務）系列總共8本完結篇結束非看不可哦！😍🥰
因為今天是1月1日元旦禮拜4，祝福大家今年2026年Happy New Year!🎊🪩♥️♥️♥️♥️♥️♥️💋💋💋💋💋💋"
家弒服務,Jasonwcw至驊,4.5,非常好看值得進戲院一看 音樂選的也好聽
家弒服務,Lisa Lu,4.5,發狠的紮，盡情發洩，超紓壓
家弒服務,Han,5.0,"女主角好正….
衝著女主去看…
男主也很帥…很迷人"
家弒服務,Miyuki D,5.0,"沒看過原著小說
電影意外好看 、精彩、意料之外！
和很喜歡 2位女主角💕
好正💕、好會演 💯
和意想不到的翻轉結局，很棒"
家弒服務,lrene,4.5,"兩位女主角演技出色 為這部電影加分 男主的母親 最後的神情
冷漠中帶點鬼祟🤔
有下集嗎…
男主的母親 邪惡登場🙂"
家弒服務,熱挺好的,4.0,好看
家弒服務,yoyo lin,5.0,很好看～必看的電影
家弒服務,曾鵬愷,5.0,劇情超轉彎，很好看！
家弒服務,Elaine,4.5,出乎意料的好看，哈！片名翻譯讓人覺得不好看。
家弒服務,不明的用戶,3.5,👍
家弒服務,合歡山- 小林,3.5,前面好平淡，後面翻轉超驚悚
家弒服務,無敵浩克Alan Wu,4.5,劇情沒那麼簡單，不爆雷，進戲院觀賞。
家弒服務,蔡光倫 Ron,5.0,非常好看！
家弒服務,BEN-Z,5.0,讚
家弒服務,吳思賢,5.0,好看
家弒服務,不明的用戶,1.5,😑😑
家弒服務,star,2.5,想看的地方太少了
家弒服務,路易,4.0,🤩
家弒服務,Sid,5.0,😅
家弒服務,Rocky阿狗咪歌王-俊智Y(^_^)Y,5.0,傻眼🙄的反轉，可以去看一下(˶‾᷄ ⁻̫ ‾᷅˵)推一波。
家弒服務,林宜萱,3.0,好
家弒服務,允澤,2.5,還不錯
家弒服務,Peter,2.5,Oooi k
家弒服務,路仁甲乙丙丁,4.0,不算無聊，但總覺得可以更好，前段節奏稍慢，後面轉折感覺有點倉促帶過，但主要是為了全球百大美女第二名而看的，所以還是給了8分😄
家弒服務,Yuzu Chen,5.0,讓人猜不到的反轉劇情比對手還瘋狂就先贏了！
家弒服務,WANDA LI,5.0,家弒服務以家政服務為包裝，鋪陳一場女性視角的驚悚懸疑。前半段刻意誤導觀眾，後半段透過視角轉換揭開更殘酷的真相，細節伏筆回看別具巧思。電影不只追求反轉刺激，也點出女性在社會中被標籤、被犧牲的無奈處境，後勁十足。
家弒服務,Allen Huang,5.0,家弒服務覺得是一部改編完成度相當高的作品，在忠於原作基礎上加入新鮮轉折。導演運用鏡子、倒影與場景設計強化欺騙與陷阱的意象，成功營造不安氛圍。主演之間的對手戲具張力，雖然後段表演與劇情走向評價略有分歧，但整體節奏緊湊、娛樂性高。結局的處理讓不少觀眾感到情緒釋放，也成為本片討論度居高不下的重要原因。
家弒服務,林承宇,3.5,不錯
家弒服務,張景溢,3.5,不錯
家弒服務,Zack,5.0,知名小說改編而成的電影，加上特殊劇情安排很適合在大戲院觀賞
家弒服務,Wayne,4.5,"這部意外的好看，劇情很不錯
女主角很香"
海綿寶寶電影版：尋寶大冒險,陳瑋毅,5.0,海綿寶寶電影超好看！👍
海綿寶寶電影版：尋寶大冒險,熱挺好的,4.0,很棒
海綿寶寶電影版：尋寶大冒險,李佳琪,4.0,不錯欸
海綿寶寶電影版：尋寶大冒險,林建宏,4.5,很棒
海綿寶寶電影版：尋寶大冒險,CHEN（Mark),5.0,靠杯好笑欸！笑的比兒子大聲🤣🤣🤣🤣
大蟒蛇,璇,3.5,"衝著兩大男星而去，大蟒蛇只是配角，好萊塢式諷刺幽默，即便許多笑點在預料之中，仍蠻好笑的。
​劇情也藏著值得深思的部分。傑克·布萊克飾演的角色，日復一日處理著瑣碎的婚禮影片，內心卻埋藏著電影夢；那句「就算現在去做，會有什麼改變嗎？」應該道盡了無數人的心聲。我們在忙碌中逐漸遺忘初衷，對於塵封的夢想，是否還有勇氣拾起它？"
大蟒蛇,阿文,5.0,不錯。還可以
大蟒蛇,毛毛,5.0,蠻好笑的，很惡搞，但不太冷場，很多很瞎鬧的橋段，翻轉，我會推薦朋友去看的一部電影，是近年覺得很有趣的電影
大蟒蛇,林建勛,5.0,尿在我身上那邊超好笑的
大蟒蛇,🐑,5.0,超級推薦，放鬆搞笑，懂歐美笑點的能懂😂😂😂
大蟒蛇,DA WAN,3.5,個人蠻喜歡的，有著好萊塢式的幽默及劇情，值得一看！
大蟒蛇,Terrisa,0.5,到底是哪些工讀生亂推的，難看到靠北！！浪費時間跟金錢去看，有夠不好笑的，超愛看電影的我們連海綿寶寶都能接受了，這個真的靠北難看，看了10分鐘就想轉台的那種⋯⋯不好笑，不好笑、不好笑、真的非常不好笑😑B級爛片
大蟒蛇,🩵Yijun🩵,5.0,豬頭那部份笑到不行😂😂
大蟒蛇,妞妞,4.0,輕鬆有趣，過程還蠻好笑的，又故意帶點緊張感
大蟒蛇,放個假,4.0,不錯
大蟒蛇,荳荳,4.0,"不是很緊湊，但蠻好笑。
喜歡主角們就會喜歡💕
我朋友是說前面差點睡著😛哈哈
尿尿跟豬頭🐖超好笑🤣
就算有看過預告了～還是很爆笑😆
演員真的很重要‼️👍👏
打發時間可看，蟒蛇戲份大約30%
後面有彩蛋：然後被我猜到了🤣
不暴雷：） 喜歡的自己去看喔！"
大蟒蛇,陳舒涵,4.5,其實蠻好看的，有抓住大蟒蛇電影精髓又帶有對影業的諷刺
大蟒蛇,御姐儿,5.0,榮獲本人心中本年度超爆笑片第一名🤣
大蟒蛇,刚下车非常,4.0,好看
大蟒蛇,霖,5.0,好笑
大蟒蛇,李佳琪,4.0,好棒喔
大蟒蛇,他如今,4.0,不錯
大蟒蛇,第三方固定人員,3.5,好看
大蟒蛇,不錯,4.0,很棒
大蟒蛇,放個假,4.0,很棒
大蟒蛇,妙珊🎀,4.5,前面鋪陳太久 後面太好笑了 蟒蛇畫面可以多一點
大蟒蛇,想法好尴尬,3.5,不錯喔
大蟒蛇,文,1.5,無聊好難看就只有預告野豬頭那邊好笑而已其他片段都好難看
大蟒蛇,曉淇,1.5,差點睡著 蠻無聊的
大蟒蛇,國泰承堯,2.5,沒有很好笑，浪費了兩位大明星，全片有跟幾十年前的大蟒蛇舊片致意，最後的大明星是唯一的驚喜點
大蟒蛇,萍,1.0,搞笑和劇情看預告就夠了，鋪陳太長看到差點睡著，精彩部份就只有預告那幾幕結尾就沒了，失望，還不如麥塊那樣輕鬆搞笑。
叫我驅魔男神,路仁甲乙丙丁,3.0,"感覺這類題材國片好像不太適合走喜劇路線，跟第九分局一樣，讓我期待又讓我失望...
不知為何有種尬感，尤其是高捷好像不太適合這風格，只有懷秋沒那麼尬..."
叫我驅魔男神,Wayne,2.5,"普通，缺少了電影的那種質感
可惜了印度演員"
叫我驅魔男神,昱凱,1.0,"在上映的當天（12/31）下午
特別請假到戲院去捧場
現場有近10位觀眾
但這部片
我看了1小時
就再也看不下去
除了很亂和很瞎的劇情
也不知道這樣的片
想要表達什麼理念
真的很後悔請假看片"
叫我驅魔男神,鐘鈞,0.5,片頭開始到第10分鐘就已經知道完蛋了，雷爆蝦片
叫我驅魔男神,ps2 ,0.5,無言
叫我驅魔男神,林建宏,3.5,不錯
叫我驅魔男神,Andy（台南安哥）,4.0,"還不錯看
但我笑不出來
可能笑點太高
中途還睡著了"
叫我驅魔男神,林建宏,3.5,很棒
大濛,Jason Liu,4.5,今年值得一看的台灣國片，講述了台灣曾經見不得光的歷史和壓抑，卻也突顯出本土與外省草根小人物的情感和故事，有笑聲亦有感動的淚水，身長在這塊土地的人們都需一看。
大濛,青藤,5.0,"“大濛”，一部很好看的電影。
很佩服導演能把這麼悲傷的故事還拍得有些喜感，讓人看了有些鼻酸又會心一笑。
台灣能從戒嚴走到現在不容易，有些人很不幸犧牲了，希望現在這個時代能記得他們，也希望他們的朋友親人能夠安好~"
大濛,Juno,5.0,"超好看，這部電影不是在表達過去國民黨的白色恐怖，而只是忠實的呈現過去的樣貌，那個年代的台灣，所以說發生過的都成為了風景，過去的時代有過去的故事，不要忘記、但也不要執著於過去，所有的發生都會過去的，就像是晚霞、朝露、大濛…都會成為風景。
不要擔心，這部電影是happy ending,只是你會大哭，你會因為那種惆悵感更珍惜現在的所有！"
大濛,君,5.0,本來以為是講述過去時代的沉重劇情，但看了才知道主要描寫是人性的善惡與公道，讓人非常感動，連我哭點那麼高的人，最後還是忍不住眼眶含淚
大濛,王正嵐(寶礦力),5.0,"悲情年代
戰亂離散
煎熬日子
處處淚水
水滴雲彩
卻是霧濛
亂世苦命
浮生若夢
半夜驚怵
動盪癲狂
走囉！
灰濛濃霧"
大濛,路仁甲乙丙丁,4.5,雖然有些橋段帶了點詼諧，但在白色恐怖時代背景下，實在不能說是喜劇，甚至不知道為什麼看著看著眼眶就濕了！但也不會說是部沉重致鬱的片，頗微妙！也許我需要更多資訊😄
大濛,Roger(鄧智元),5.0,陳玉勳導演說故事的能力超強的，整個人沈浸在劇情中，時而詼諧，時而沈重，時而開心，時而難過，看完讓人回味無窮，不愧是今年金馬獎最佳劇情片。
大濛,Zoe Li,5.0,沒有批判的一部片，真的很好看，終於了解之前老一輩在說什麼了，後勁會很強，回家上網查詢資料還是會哭，有一些地點確實都是那年代的名稱，覺得很細心.
大濛,阿中,5.0,原本以為只是演四O年代的紀錄片應該是很沈悶的電影，但是劇本寫的非常好，角色的刻化配合當時時代的背景讓人仿佛沈浸式在那個時候，完全深深的感受到那份親情及友情各種不同的情感，不禁讓人濕了眼眶，真的是非常棒的電影。
大濛,阿維拉,5.0,"毫不沉悶的敘事手法
沒有任何批判 是部可以輕鬆享受
但是餘韻無窮的電影作品
很推薦"
大濛,佛主開示,5.0,"本片非常非常適合現在大約70歲左右的人觀看，因為會極為有共鳴，這部片再講你們長輩的故事，很多那時代的氛圍，可能真的要70歲的人才會會心一笑，對於50歲以下的人來說，這是一部有故事劇情的紀錄片，需要有一定興趣的人才會有所觸動，我只能這部電影的受眾不大，適合闔家觀賞
本片座右銘就是那一句趙公道說的：走囉"
大濛,楊鈞元 Charles,5.0,"這些年來
返校的啟蒙
時代革命的戒慎
流麻溝十五號的回顧
看不見的國家的感慨
零日攻擊的未雨綢繆
始終覺得缺了一塊
那些真實經歷過白色恐怖，各行各業在時代洪流下的不得已跟最真實的情感流露。
也讓人更能真正換位思考身為一樣能投票的其他台灣公民，不同年齡層到底都經歷了什麼，會有什麼樣的看待現代社會的視野。
整部電影用黑色幽默跟地獄梗包裝了很多台灣人下意識一定忍不住會笑出來，但再三思又會覺得很不捨，很悲哀的點。
而且不但細節環環相扣，還有很多大膽的主動延伸。
不是常見的到處留白自由想像，卻處理得很妙，也不太有說教感警鈴。
「我們什麼都沒有，只有勇敢」
「我們都是別人的風景」"
大濛,CHARLIE 陳立豪,4.5,今年最好看電影之
大濛,青～恩惠,4.5,各方面都很喜歡，很難得還能看到70年前的人文風貌，精彩
大濛,宋家文,5.0,帶觀眾真正走回70年前的台灣，阿月和趙公道一段奇幻冒險精彩動人的演出，在那個年代或許只有「勇敢」才讓每個人可以撐下去的動力。
大濛,楊世熙,5.0,"雖然沒有經歷片中，身處那個時代嚴峻的生活，但可以稍微感受到，生活在那個思想被箝制，且朝不保夕的恐懼之中，猶如片名“大濛“（台語即是被霧籠罩的意思）看不見未來的路，只能用想像的心，讓自己撐過那段最晦暗不明的路。
勳導的新片“大濛“，讓我感覺不像在看電影，比較像是在聽他講故事，故事敘述的很絲滑，沒有過多的血腥及仇怨，比較多的是身為平民百姓，對當時的生活的無奈。另外，結局也設計的頗有意思，可以多刷幾次。"
大濛,艾瑪芬,5.0,"看到最後幾分鐘
開始淚流不止
不能自已
久久不能平復
但舒暢很多
非常感謝陳玉勳導演
把我心中那段不明所以的疑惑
補起來了
我好開心他的關注
補足了部分遺族的日常
有種豁然的感覺！"
大濛,Lance,4.5,"好看，拍手致敬，得獎實至名歸!
這種故事背景的國片，很怕拍的很沉悶，但大濛完全不會，節奏很好！
加上場景細膩，真的回到了那個年代，氣氛營造的很好。
"
大濛,林莉蓁,4.5,值得一看，帶你回到民國四十年代
大濛,Karen可容カレン,5.0,"後勁很強，本來以為會很沉重，結果蠻感人。
對於八年級生的我來說，戒嚴前的台灣是一段存在於課本上的文字，看完這部電影後才更深刻地了解現在自由的可貴。謝謝那個年代的雲與霧，因為有你們而讓這片土地更美好。"
大濛,Christopher,5.0,"淚推的好電影！
氛圍塑造太厲害
難得在電影一開始的第一個鏡頭
就讓人感受到情緒累積的重量
有想哭的衝動
原以為是會有一幕讓人爆哭的場景
結果是一個接著一個出現
小小的、温温的感動～
情緒是一直被揪在那的
陳玉勳果然擅長小人物的敘事
不鋪天蓋地地張揚
卻深刻又踏實地娓娓道來
很深情動人
曾敬驊、9m88的台語令人驚艷！
柯煒林神詮釋，真的很欠拿獎！
方郁婷演技之內斂，真不愧是怪物新人！"
大濛,Hsuan,5.0,每個台灣人都需要看
大濛,edberg,4.5,白色恐怖的電影很沈重，趙公道這個角色讓影片活潑起來，也讓觀眾喘口氣休息一下。
大濛,Anita,5.0,「大濛」是音譯自台語的起霧，最後一段姐姐說出阿迷與阿水的故事涵意時，非常感人。每個人都是別人的風景，當年的無奈
大濛,昱凱,5.0,"昨天下午，戲院的空氣變得特別年輕， 看到一位老師帶著一大群還在唸高中的孩子們，我們一起看了《大濛》。
全場的看片氣氛很投入，可以跟著導演精心策劃的劇情時笑時哭，尤其看到電影美術組將台灣50年的舊樣貌復刻，伴隨著一首首動人的老歌，確實是一大享受😎"
大濛,曾,4.5,那個時代的場景跟印象裡面小時候的南部村莊很類似，感覺起來是真的有考究過，場景裡面的設置，小村莊的建築規模氛圍，阿月的際遇，對那個時代模糊聽來的感受，在看故事中慢慢地高低起伏，完全沒有讓你睡著的時間，以為很沉悶，但又是有笑點，笑著笑著就會淚目，跟著故事的轉變最後哥哥出現，小水滴啊小水滴，其實每個人都是想要變成雲💧💧
大濛,張國輝,5.0,超過預期的好看，是時代的悲歌，也是權力階級的縮影，而其影響不只在那時，更處於當下！
大濛,言瑞 富士經銷 賴亮佑,4.5,後勁很強 結尾很感人😭😭
大濛,Victor,5.0,好看，我喜歡這個復古調調
大濛,王偉倫,5.0,值得一看的國片，謝謝有前人的付出，才有現在幸福的生活
大濛,Wesley,5.0,二刷
大濛,林詩霓,5.0,👍🏽
大濛,Max Chen,4.5,年度必看電影，國片高水準之作，絕對沒有激起族群對立，相反的，是很溫暖的帶大家看大時代下小人物的勇敢，看了就知道
大濛,歐慧玲,4.5,"好看，很久沒有看到這麼好看的國片了，2個小時完全不會覺得無聊
有笑有淚
推薦大家進戲院支持"
大濛,咪咪子,5.0,台灣年度代表電影！又笑又哭，又有歷史反思，男女主角好會演
大濛,張娣溱（薰予）,5.0,超好哭超感人😭真的很值得去看的國片😭😭
大濛,JC,5.0,"人會消失，風景會留下
敬，那個時代的雲與霧。"
大濛,Yu Jui Chen,5.0,"大時代中每個勇敢的小人物
感謝
用心的劇組還原當時的場景
厲害的演員詮釋糾結的心境
還有動人的劇情
落難的哥哥留下雋永的比喻 水、霧、雲 看顧著這一片風景..."
大濛,chien chien,5.0,"好看不在於很多爆點，而是看著看著結束卻一點都沒有感覺無聊，很輕柔的
感受一般小人物的日常，沒有誰是英雄或是大壞蛋，在這辛苦的時代卻保有善良樂觀活下去的心"
大濛,秋男,5.0,在殘酷年代有著溫暖感人的故事，很有那時代的復古感，看著看著，眼淚就這樣不知不覺流下...
大濛,Apple,5.0,本來以為會是一部很沈重、很沉悶的電影，意外的是蠻多有趣、好笑的小橋段，看完可以反芻很久，即使沒有彩蛋，大家也是坐到片尾曲放完（好聽！！）不管是主要演員或特別演出者，都非常會演👍
大濛,美倫,5.0,名符其實的最佳影片⋯真的很棒的劇情片！原來大濛的故事這樣動人～最後令人淚崩感動！雲和霧的風景⋯⋯謝謝這部電影⋯太多的感動，支持國片👍👍👍
大濛,凱如,4.5,非常動人的電影👍從演員、劇本、場景和音樂都相當細緻，重現台灣40年代農村與都市風貌；全劇以台語發音，重點在刻畫人物個性。有點像車伕版本的公（迷）路電影，值得推薦
大濛,nicula,5.0,"今年的國片3部曲
大濛.女孩.左撇子女孩
都讓我很感動！"
大濛,N,5.0,"大濛是值得入影院支持的國片，很有啟發👍
能在電影中真實看到民國42，父母尚未出生的年代，感覺很神奇。會更加珍惜現在社會所擁有的一切。 故事穿插重要的時間概念、以及趙公道的幽默人格特質，讓原本沈重的議題，變得較為輕鬆。"
大濛,Neilson(威達),5.0,滿滿的誠意～過程又提心吊膽~推薦大家去看
大濛,zak ss,4.5,今年前三名好看電影，不管你多理性，一定最少會哭兩次。不多說了，好電影自己去品嚐，不解釋。
大濛,Allen,4.5,"《大濛》即使取材自這個令人畏懼的主題，卻能拍成一段平易近人的故事，兼具歡笑、冒險、恐懼、催淚等商業元素，可以很放心的推薦給別人！而且沒想到一部電影，竟然解開了我一直以來擁有的兩個人生大哉問，更沒想到擔綱這個解惑角色的，會是一部以白色恐怖為時空背景的電影
完整心得>>>https://www.instagram.com/p/DRpOmR-jxqN/"
大濛,Iris Chan詹小嫻,5.0,非常好看，在大歷史下，一般老百姓帶著無力感努力生活，溫暖跟善良更顯著無比珍貴！
大濛,陳小芳,4.5,喜淚交織，非常好看的台灣電影👍
大濛,Ju-Wen,4.5,"近期最好看的電影
沒耐心的我只看了兩次錶
演員都很棒👍 金馬最佳影片實至名歸👍"
大濛,曾宥翔,5.0,好看
大濛,吳政倫(倫哥)σ(o'ω'o),5.0,映前的時候去看、真的超值得推薦這部給大家看、大家一定要去觀賞，超級讚的
大濛,蕭國成,4.0,"這一部是今年最佳影片.場景考究.劇情寫實.從暗黑迎向光明！
😁😁😁👏👏👏👍👍🌈🌈"
大濛,Nina,5.0,很好看
大濛,鄭阿福,5.0,好看
大濛,佩瑗,5.0,去看就對了！不帶政治色彩，它就是一部好電影🎬
大濛,Kehong,5.0,一刷先哭，二刷更多畫面讓我流淚，走囉🥹
大濛,joyyu,5.0,"劇情曲折精彩，電影配樂也下足苦心，場景更是充滿40年代的氛圍，勳導和工作人員這麼用心的呈現屬於臺灣當時的故事，很多細節一定要在大螢幕上才看得清楚呀！
帶著家裡的老人家去看吧！年輕人呼朋引伴的去看吧！中年人藉此瞭解那個不熟悉但需要記得的歷史吧！走囉！"
大濛,張庭堃,5.0,好看，在白色恐怖年代，不同背景小人物為求生存的互動，溫馨感人。
那張照片裡的我們,淑媛Cathy,5.0,畫面漂亮，情感也很動人，帶大家回到那個時代
那張照片裡的我們,JCT,5.0,看過試片，很動人，好適合在聖誕節來看的愛情歷史電影
那張照片裡的我們,易芸 Tracy,5.0,"關於青春愛情、勇敢與信念的時代故事。
"
那張照片裡的我們,昱凱,5.0,"🥇這部片自金馬影展後就一直期待著
終於在前天（週五）進戲院去觀賞
全片和「大濛」一樣
美術設計非常強
複製了民國60幾年的社會氛圍
三個主人翁
各代表台灣人和韓國人
但卻譜出令人感動的人與事
尤其是本片的配樂
非常好聽
讓人在片尾伴著回顧的照片
仍能回味這部難得的佳作🎬
是一部適合闔家觀賞的好片
"
那張照片裡的我們,林美玉,3.5,好看
那張照片裡的我們,中心徐,3.5,不錯
那張照片裡的我們,李佳琪,4.0,好看
那張照片裡的我們,淨穎·ࡇ·,5.0,好看
那張照片裡的我們,張董,4.0,不錯的愛情故事 客家話講得不錯 值得一看！
那張照片裡的我們,路仁甲乙丙丁,5.0,些許的粉紅泡泡，更多的是那個年代白色恐怖氛圍，隨著劇情以及演員們的演出，讓人共感其中，末端洋蔥連發讓我扛不住啊！
那張照片裡的我們,林建宏,4.5,超讚
顫懼,茹☆ᩚ Ÿøҍҍƴ,0.5,難看⋯超級難看
顫懼,ben,1.0,前面一小時節奏太慢，催眠
顫懼,放個假,2.5,還行
大衛：王者降臨,郭小十,5.0,"繼""萬王之王""後,又一強力製作!這次的歌比上次的還要好聽!超適合帶小朋友一起觀賞的電影!"
大衛：王者降臨,嚴心妤 Hailey,5.0,看完很感動
大衛：王者降臨,WANDA LI,5.0,大衛：王者降臨用溫暖細膩的動畫，重新詮釋經典聖經故事。它不只是英雄戰勝巨人的傳奇，更是一段關於信仰、勇氣與自我認同的成長旅程。即使渺小，只要心中有信念，也能在關鍵時刻站出來，帶給人希望與力量。
大衛：王者降臨,招牌飯（曾國強）,5.0,好看
大衛：王者降臨,吳玉麟,5.0,好看的動畫電影，值得推薦。
大衛：王者降臨,到付件,4.0,不錯喔
大衛：王者降臨,Rocky阿狗咪歌王-俊智Y(^_^)Y,5.0,類似上帝信仰在故事情節改編(˶‾᷄ ⁻̫ ‾᷅˵)動畫蠻可愛的，推薦一下。
大衛：王者降臨,Yuzu Chen,5.0,適合闔家觀賞的聖經勵志故事
大衛：王者降臨,中心徐,3.5,好看
大衛：王者降臨,李志忠,5.0,告訴我們如何當一個成功的領導者的過程，充滿勇氣與愛，好看！
大衛：王者降臨,Anita Liu,5.0,雖然是動畫卡通，劇情蠻激勵的，維持自己的初衷信仰，一切都會迎韌而解
大衛：王者降臨,放個假,4.0,很棒
大衛：王者降臨,就讓他,3.5,好看
大衛：王者降臨,第三方第三方v,4.0,好看
大衛：王者降臨,不明的用戶,3.5,刚刚好
大衛：王者降臨,不明的用戶,4.0,是
大衛：王者降臨,不明的用戶,3.0,Ok
大衛：王者降臨,琪雅,5.0,推薦！適合闔家大小觀賞，歌好聽！令人感動😹
大衛：王者降臨,Uni,5.0,值得一看
大衛：王者降臨,林俊璋,5.0,推薦
大衛：王者降臨,盈妤,5.0,👍👍👍
大衛：王者降臨,第三方固定人員,4.0,很不錯
大衛：王者降臨,朱庭萱 Kaya,5.0,歌非常好聽🥹聽個幾次就會哼了
大衛：王者降臨,邱世翔,4.5,讚
大衛：王者降臨,上飞机盗号,4.0,不錯喔
大衛：王者降臨,發貨的談話人,3.5,不錯
大衛：王者降臨,78,3.5,超讚
大衛：王者降臨,yoyo lin,5.0,可愛的畫風～
大衛：王者降臨,凡所有相  皆是虛妄,5.0,👍
大衛：王者降臨,路易,4.0,👍👍👍
大衛：王者降臨,Erin 楊于萱,5.0,感到👍
大衛：王者降臨,癡癡地,4.0,很棒
大衛：王者降臨,不錯,4.0,不錯
大衛：王者降臨,林建宏,4.5,很棒
大衛：王者降臨,熱挺好的,4.5,超讚
大衛：王者降臨,Zack,5.0,超精彩動畫片，特殊的劇情加上精彩的配樂很值得去電影院觀賞
大衛：王者降臨,李佳琪,4.5,很棒
大衛：王者降臨,林建宏,3.5,很不錯
大衛：王者降臨,黃鑫鑫 宮廟陣頭工班召集者,5.0,非常好看的動畫影片值得推薦
橫衝直闖,鍾豐駿,0.5,"前陣子看了也是A24的換乘真愛覺得還不錯；今天來看橫衝直闖….嗯…非常難看，浪費上班族地方爸爸的珍貴下午特休時光。
還特地找了故事的主角Marty Reisman傳記來看，只能說的確是個流氓老美式的自戀個人主義。
現實中的他—無賴、惡霸、賭徒；而電影中也大概花了兩個小時在描述他的不負責任男女關係、不守信用為錢花式鋌而走險；卻大大削弱了投入比賽的熱情及執著，是很可惜的部分。"
橫衝直闖,梁宏偉(CSC),3.0,太憤世嫉俗，鼓勵孤狼犯罪
橫衝直闖,育菱 Beth,3.0,1.開頭步調過快2.而且也很倉促的介紹人物。3.但內容 有一種 先做再說不完美再修正。4.腦袋隨時有備案，雖然備案都很偏門。5.最後到日本 這件事有一種，雖然結論不完美 但也達到 他原本要的效果
橫衝直闖,吳思賢,0.5,不知道在幹嘛
橫衝直闖,許志遠,2.0,火🔥
橫衝直闖,Wen Hao,3.0,👌
橫衝直闖,莊秉勳,5.0,"絕對是今年看過最好看的電影，很多人都說主角很混亂怎樣的，但是大家都沒想過Dream Big這個副標題，以自己的夢想為目標，不管做了什麼事，以這個想法來看這部電影這部無疑是個好作，而且Timothée Chalamet在這部的演技大幅提升，不像Call Me By Your Name,Lady Bird那般青澀，也不像A Complete Unknown那般過度認真，這部無疑是他演的最好的作品，也是他演過非常好看的作品"
橫衝直闖,出來打拳啦！,5.0,甜茶從影以來最強大的演出！超級好看！這就是REAL.
橫衝直闖,到付件,3.5,還不錯
橫衝直闖,張景溢,3.5,不錯
橫衝直闖,李昀庭,5.0,好看
佐賀偶像是傳奇 夢幻銀河樂園,賴映儒,5.0,好看，只是場次才2場而已真的有夠少的
佐賀偶像是傳奇 夢幻銀河樂園,俊元,5.0,神作！
佐賀偶像是傳奇 夢幻銀河樂園,踊る人形,5.0,gogogogogogogogogo！！！！！！！！！
佐賀偶像是傳奇 夢幻銀河樂園,林語彤,4.0,好看
東京教父(4K數位修復版),林宛儀,5.0,"聖誕節 新年最好的應景電影 三個流浪漢撿到一個疑似被遺棄的女嬰，要幫她找媽媽的展開了一連串冒險
今敏最溫暖的作品。"
東京教父(4K數位修復版),李佳琪,3.5,不錯喔
東京計程車,王家堯,5.0,真的很好看，木村拓哉飾演的普通計程車司機形象深入人心，與倍賞千惠子的對手戲火花四射，是值得一看的催淚治癒作
東京計程車,Nowitzki,4.5,和木村以往所拍攝風格不一樣，看到木村為人父親、丈夫模樣，真的發現我們也在不斷換角色⋯這一部真的值得省思觀看，珍惜得來不易的有緣人
東京計程車,蘇苹雅,5.0,很好看，為了女兒，為了家人，跟客人一起動容
東京計程車,許郁偉,4.5,真的很好看，很溫馨
東京計程車,Ian,5.0,非常值得看的小品，一個出現在我們身邊的一個故事
東京計程車,Elaine,4.0,很感人，我們應該珍惜身邊的一切，瞬間即逝。
東京計程車,雪,4.5,雖是小品值得一看
東京計程車,Jason Liu,4.5,為了生活為了家庭，男主司機木村拓哉在片中演繹了小人物在平凡日常中的真誠與良善，年初值得一看的感人小品。
東京計程車,黃秋葵,5.0,木村好帥喔😍😍😍
空之境界劇場版：第三章 痛覺殘留,Yuzu Chen,5.0,暗黑風格的劇情和美術都讓人感受到沉重的悲痛！
空之境界劇場版：第三章 痛覺殘留,Rocky阿狗咪歌王-俊智Y(^_^)Y,5.0,第三章了，當然是接著看樓～(˶‾᷄ ⁻̫ ‾᷅˵)
空之境界劇場版：第三章 痛覺殘留,WANDA LI,5.0,空之境界第三章《痛覺殘留》是系列中最適合新觀眾入坑的一章。劇情結構清晰，以超能力連環殺人案推進故事，兼具懸疑與動作張力。淺上藤乃的悲劇塑造完整，情感直觀動人；兩儀式的戰鬥場面冷冽帥氣，即使不了解前作，也能純粹享受其黑暗美學與娛樂性。
空之境界劇場版：第三章 痛覺殘留,Zack,5.0,超精彩動畫神作，特殊劇情安排加上配樂，絕對是動畫迷不可錯過的作品
空之境界劇場版：第三章 痛覺殘留,朱庭萱 Kaya,5.0,😭😭😭神作
空之境界劇場版：第三章 痛覺殘留,BEN-Z,5.0,讚
空之境界劇場版：第三章 痛覺殘留,Sid,5.0,😀
空之境界劇場版：第三章 痛覺殘留,Lisa Lu,5.0,一章接續一章，好看
空之境界劇場版：第三章 痛覺殘留,郭小十,5.0,魔眼對決真的太帥了! 至少三刷!
空之境界劇場版：第三章 痛覺殘留,Erin 楊于萱,5.0,經典👍
空之境界劇場版：第二章 殺人考察(前),WANDA LI,5.0,空之境界 第二章〈殺人考察（前）〉以冷冽節奏展開命運的起點，透過精準的心理描寫與人格衝突，將殺人事件化為角色內心的映照。兩儀式的孤絕與黑桐幹也的溫柔彼此拉扯，使懸疑不只指向真相，更指向人心深處的傷痕與連結，是系列中最殘酷卻動人的開端。
空之境界劇場版：第二章 殺人考察(前),Yuzu Chen,5.0,結合動作、犯罪、懸疑、恐怖的劇情動畫！
空之境界劇場版：第二章 殺人考察(前),Rocky阿狗咪歌王-俊智Y(^_^)Y,5.0,第二部當然要推廣一下嘍，蠻不錯看的，大家可以進場看一下😆😆😆
空之境界劇場版：第二章 殺人考察(前),郭小十,5.0,空境神作! 肯定要入戲院支持大銀幕版的!
空之境界劇場版：第二章 殺人考察(前),Anita Liu,5.0,日本的動畫電影必推！尤其這部系列必看...別問為什麼，看就對了啦！
空之境界劇場版：第二章 殺人考察(前),yoyo lin,5.0,神作啊！
空之境界劇場版：第二章 殺人考察(前),Zack,5.0,主角的特殊性格，加上精彩的電影配樂，很值得去戲院用大螢幕觀賞
空之境界劇場版：第二章 殺人考察(前),小賓OR小沈,5.0,這部片以殺人為前提，剖析主角的特殊性格，是一部需要用心觀賞的片
空之境界劇場版：第二章 殺人考察(前),Jules Chu,5.0,一部充滿懸疑與哲學思考的動畫電影。故事圍繞著女主角丿刀（Shiki）與一系列神秘謀殺案，展現了她獨特的視角和能力。影片在視覺上極具美感，色彩運用和構圖都相當出色，營造出一種夢幻而又詭異的氛圍。劇情緊湊，角色塑造深刻，特別是對於生死與存在的探討，引人深思。整體而言，這部作品不僅是一場視覺盛宴，更是一段心靈的旅程。
空之境界劇場版：第二章 殺人考察(前),吳玉麟,5.0,每一章都要看，過癮。
空之境界劇場版：第二章 殺人考察(前),凡所有相  皆是虛妄,5.0,👍
空之境界劇場版：第二章 殺人考察(前),盈妤,5.0,👍👍👍
空之境界劇場版：第二章 殺人考察(前),Uni,5.0,值得一看
空之境界劇場版：第二章 殺人考察(前),路易,4.0,👍
空之境界劇場版：第二章 殺人考察(前),Lisa Lu,5.0,一系列，過癮
空之境界劇場版：第二章 殺人考察(前),邱世翔,5.0,推
空之境界劇場版：第二章 殺人考察(前),Sid,5.0,😀
空之境界劇場版：第二章 殺人考察(前),Erin 楊于萱,5.0,太經典👍
空之境界劇場版：第二章 殺人考察(前),李佳琪,4.5,很棒
空之境界劇場版：第二章 殺人考察(前),林建宏,4.5,超讚
劇場版「鬼滅之刃」無限城篇 第一章 猗窩座再襲,Leoliu,5.0,不太懂覺得回憶多就打一星；覺得普通打一星的人心態是什麼，拜託到時第二章上演就不要搶在別人前面觀賞，因為你們的無知，讓很多人買不到票，買不到好位子。鬼滅一直以來不就是邊回憶邊戰鬥嗎？你可以不喜歡，但既然都已經進場看了，也不用評的這麼差吧！
劇場版「鬼滅之刃」無限城篇 第一章 猗窩座再襲,WAYNEY HSU,4.5,"唯一缺陷是我最愛的善逸這集這麼強
殺死鬼之後那個烏鴉卻知情不報！🐦‍⬛
然後蝶柱、水柱、炭治郎片段就狂報！"
劇場版「鬼滅之刃」無限城篇 第一章 猗窩座再襲,YIWEN CHEN,5.0,"真的好好看，無限城太厲害了，有些人說中間穿插回億很無聊，但完全不會覺得，本來每個角色都該有個心路歷程，本來就不喜歡無腦的打打打
炭治郎真的比無限列車成長很多，全程每個人都好專注看，已經想二刷了！！！"
劇場版「鬼滅之刃」無限城篇 第一章 猗窩座再襲,方彥霖,5.0,"鬼滅精髓本身就是回憶當中所獲得的感動！！！
好看～～～～"
劇場版「鬼滅之刃」無限城篇 第一章 猗窩座再襲,Paul lin,5.0,滿分 謝謝 唯一美中不足的地方是 又要等很久才看得到無限城第二部
劇場版「鬼滅之刃」無限城篇 第一章 猗窩座再襲,無敵浩克Alan Wu,4.5,精彩，眼睛都不敢亂眨，怕錯過任何一個畫面。
劇場版「鬼滅之刃」無限城篇 第一章 猗窩座再襲,181185,5.0,"猗窩座跟悲鳴嶼行冥滿像的 只是運氣差了點 如果當初遇到主公 他就是拳柱了吧！
看到留言有人評回憶片段太多？但我覺得這正是鬼滅不朽的原因之一 每個角色有各自的背景 打鬥是很精彩沒錯 但一年後你不會記得過程 而是會記得猗窩座曾經是個很溫暖的人"
劇場版「鬼滅之刃」無限城篇 第一章 猗窩座再襲,Chia,5.0,明明就很好看！本來看網評說都是回憶害我失去ㄧ半的興致、進去看之後根本不是回憶！全都是新的劇情，跟漫畫做的ㄧ樣呀，值得看！
劇場版「鬼滅之刃」無限城篇 第一章 猗窩座再襲,胖Q私廚外燴服務（休息中）,5.0,很好看 負評三小
劇場版「鬼滅之刃」無限城篇 第一章 猗窩座再襲,🐑曜駿,5.0,才看完就開始期待下一集
劇場版「鬼滅之刃」無限城篇 第一章 猗窩座再襲,黃建賓,5.0,完全是燃燒經費呀！感動到毛細孔爆炸！
劇場版「鬼滅之刃」無限城篇 第一章 猗窩座再襲,柯,4.0,"打鬥畫面無限城的動畫真的是非常值得用imax欣賞 
打鬥畫面每次出現都有雞皮疙瘩的感覺 帥翻！！ 
美中不足的地方是 
回憶的東西太多了……
 都在期待帥氣的對戰🤣 
值得進場的動漫電影 
可是如果是抱持著從頭激戰到尾的可能要失望了
上弦參的回憶卻賺了我的眼淚🥲"
劇場版「鬼滅之刃」無限城篇 第一章 猗窩座再襲,志遠,5.0,真的非常好看有打鬥跟回憶錄敘述講解鬼柱人物過往事跡很熱血👊也很感人😭的一部動漫電影，動畫很優質無限城呈現真實感十足很細膩很棒💯😙
劇場版「鬼滅之刃」無限城篇 第一章 猗窩座再襲,軍豪,5.0,音效、動畫、劇情都是一流，就算沒追故事，也看得懂
劇場版「鬼滅之刃」無限城篇 第一章 猗窩座再襲,許迪凱&Eric,5.0,經費真的炸裂，感動的雞皮疙瘩掉一地
劇場版「鬼滅之刃」無限城篇 第一章 猗窩座再襲,王瑞揚,5.0,猗窩座變鬼的故事占很長的時間，心路歷程，熱血，感動，激勵。
劇場版「鬼滅之刃」無限城篇 第一章 猗窩座再襲,Holly🧸,5.0,真的覺得超級好看的喇 覺得不夠看😩😩😩😩😩
劇場版「鬼滅之刃」無限城篇 第一章 猗窩座再襲,Robie陳小噗,5.0,動畫非常忠於漫畫內容，想說的跟漫畫想表達的幾乎一樣，我覺得很感動，雖然在電影觀看時會覺得回憶的片段太多會打斷打鬥的場景有點不過癮，但看完還是滿滿的感動！又噴了好幾滴的眼淚😭😭期待下一集的到來🫰🏻
劇場版「鬼滅之刃」無限城篇 第一章 猗窩座再襲,林瑩琇（Hsiu  好）,5.0,真的要到電影院看，螢幕越大越好💪（很像去環球影城樂園遊戲視頻一樣）。片場2個半小時，好看到不敢錯過任何一秒，怕上廁所也不敢喝水🤣🤣🤣！！
劇場版「鬼滅之刃」無限城篇 第一章 猗窩座再襲,Amber,4.5,很好看，這部已經不是劇情，整體特效繪製細心程度，值得二刷三刷，大螢幕更能呈現整體感受，回憶片段也是鋪陳後續更強烈的感情線，廢話不多說，趕緊去電影院看
劇場版「鬼滅之刃」無限城篇 第一章 猗窩座再襲,Mandy琬宣,5.0,超好看，很值得去電影院看，戰鬥很精彩
劇場版「鬼滅之刃」無限城篇 第一章 猗窩座再襲,洪黑黑,5.0,超好看
劇場版「鬼滅之刃」無限城篇 第一章 猗窩座再襲,亮亮,5.0,超絕特效，細膩的故事，是一場難以言喻的驚艷，一天內二刷都哭到不行，最讓人噴淚情節竟然也有，接下來還會再找時間去看，太值得，太感動
劇場版「鬼滅之刃」無限城篇 第一章 猗窩座再襲,chuner.kuo💚85🏎️,5.0,就震撼兩個字🥹
劇場版「鬼滅之刃」無限城篇 第一章 猗窩座再襲,葉上慶,5.0,好看，感人，無限城第二集趕快！
劇場版「鬼滅之刃」無限城篇 第一章 猗窩座再襲,黃紫綾,5.0,看完，仍然覺得很震撼，想再看一次！！
劇場版「鬼滅之刃」無限城篇 第一章 猗窩座再襲,蕭羽良-SmoothERmine,5.0,燃~~爆了！！特效眼花撩亂~內心轉折鋪陳感動萬分！慶幸活在鬼滅之刃的年代！！！！
劇場版「鬼滅之刃」無限城篇 第一章 猗窩座再襲,歲月靜好,5.0,爆好看的
劇場版「鬼滅之刃」無限城篇 第一章 猗窩座再襲,🍒黛 莉🍒,5.0,"《鬼滅之刃 猗窩座再襲》節奏緊湊、畫面震撼，戰鬥場面細膩到每一擊都充滿張力。猗窩座的角色塑造依舊迷人，不只是反派，更有悲劇與執著交織的深度。他的武藝、信念與過往令戰鬥不只是一場對決，而是情感的碰撞。音效與配樂完美烘托氛圍，看完餘韻不斷。
"
劇場版「鬼滅之刃」無限城篇 第一章 猗窩座再襲,Jessie ⟭⟬⁷💙💜💗❤️🖤,5.0,"好看的要命，只有鬼滅可以超越鬼滅 無論音樂、聲優、影像技術特效都是極高品質，動畫團隊真的太棒了！ 
已經連續兩天二刷了！ 想要繼續刷！目前已體驗IMAX和杜比劇院， IMAX體驗最好。

回憶本來就是鬼滅對劇情角色的細膩之處、能觸動人心、、流傳久遠。如果只想跟風看特效，去看無腦科幻爽片就好了。"
劇場版「鬼滅之刃」無限城篇 第一章 猗窩座再襲,阿文,5.0,快來刷鬼滅。刷到爆開
劇場版「鬼滅之刃」無限城篇 第一章 猗窩座再襲,AnitaLee,4.5,爆米花也不香了，飲料也不喝了，眼睛就是目不轉睛地一直盯著螢幕看，有感人的地方也有很沸騰的地方，已經在期待下一章了呀～～～
劇場版「鬼滅之刃」無限城篇 第一章 猗窩座再襲,🩵Yijun🩵,5.0,雖然看過漫畫了，還是很值得進電影院在觀賞一次，好感動呀～～
劇場版「鬼滅之刃」無限城篇 第一章 猗窩座再襲,Hong 浤,5.0,"我覺得打鬥動畫非常的華麗

中途的故事敘述也轉化的不錯

一定要去大螢幕支持！ 看看真男人三哥"
劇場版「鬼滅之刃」無限城篇 第一章 猗窩座再襲,路仁甲乙丙丁,5.0,影片雖然長，但有種想一直看下去的感覺，好想趕快看後續！另外這樣的大場面真的值得進戲院看，用小螢幕看串流真的可惜！！
劇場版「鬼滅之刃」無限城篇 第一章 猗窩座再襲,Andy南,5.0,劇情打鬥都很刺激故事很感動超級好看的電影
劇場版「鬼滅之刃」無限城篇 第一章 猗窩座再襲,Monica Bellezza,5.0,ufotable再次爆經費 聲光效果都好讚
劇場版「鬼滅之刃」無限城篇 第一章 猗窩座再襲,阿DAN,5.0,"說回憶太多只想看打殺畫面的，只能說不適合看這部。對我來說，回憶恰到好處，且不同人的回憶都有其因：開頭回憶是幫助沒看過電影的觀眾帶入情境；胡蝶忍為什麼恨童磨（上弦二）以及童磨的扭曲想法；猗窩座（上弦三）為什麼變成鬼；炭治郎為什麼能開啟「另一個境界」，不然要他直接提升能力砍上三可能圓不過去吧╮(╯_╰)╭ （我的評論盡量講隱晦一點不劇透😂）
總之我個人大推，尤其IMAX版的聲光效果出乎意料地好，已經是masterpiece了（開始期待後面兩部了😍😍😍）"
劇場版「鬼滅之刃」無限城篇 第一章 猗窩座再襲,黃勁堯,5.0,動畫裡的無限城跟漫畫裡的無限城，等級差十萬八千里
劇場版「鬼滅之刃」無限城篇 第一章 猗窩座再襲,Gumo,5.0,好看，直到進電影院觀賞。👍🏻👍🏻👍🏻
劇場版「鬼滅之刃」無限城篇 第一章 猗窩座再襲,呈睿,5.0,對於動畫場面和流暢度都能看出製作團隊非常用心，打鬥場面也能讓觀眾感到無比的緊張，人物故事背景刻畫感受就因人而異了，整體來說是很棒的動畫。
劇場版「鬼滅之刃」無限城篇 第一章 猗窩座再襲,高舒良,5.0,真的好看，一定要二 刷！
劇場版「鬼滅之刃」無限城篇 第一章 猗窩座再襲,昱倫,5.0,好看
劇場版「鬼滅之刃」無限城篇 第一章 猗窩座再襲,YI,5.0,真是好看，大推！
劇場版「鬼滅之刃」無限城篇 第一章 猗窩座再襲,𝐿𝑢𝑐𝑎𝑠,5.0,好看到炸掉，只能說有夠神～～果然是大量金錢和人力砸出來的動畫。
劇場版「鬼滅之刃」無限城篇 第一章 猗窩座再襲,小蘇,5.0,感動😹！鐘於原著，第二部快快上映！
劇場版「鬼滅之刃」無限城篇 第一章 猗窩座再襲,廖國良,5.0,"好看，而且很適合電影院看
期待下一集"
劇場版「鬼滅之刃」無限城篇 第一章 猗窩座再襲,AN安德森,5.0,不暴雷..就是買進來看就對了🫶
劇場版「鬼滅之刃」無限城篇 第一章 猗窩座再襲,wenhui,4.5,"好看！無冷場
沒看過的也不會看不懂

總有些畫面會擊中內心
沒看過的我看完都覺得可以二刷"
劇場版「鬼滅之刃」無限城篇 第一章 猗窩座再襲,仁淳,4.5,好看 動畫做的不錯 讚啦 
劇場版「鬼滅之刃」無限城篇 第一章 猗窩座再襲,Lin,5.0,絕對超過無限列車！好看到爆！
劇場版「鬼滅之刃」無限城篇 第一章 猗窩座再襲,Yuna,5.0,"動畫畫風真的很讚！！打鬥節奏流暢過癮～無限城的建築細節也超精緻，真心推薦進電影院好好感受這部作品的魅力。
朋友說前面的回憶戲份有點長，但我反而覺得這對第一次接觸《鬼滅》的觀眾來說是很好的鋪陳和情感引導。然後後半段劇情我不自覺地哭起來，好看！"
劇場版「鬼滅之刃」無限城篇 第一章 猗窩座再襲,Sam,5.0,"這集根本是視覺衝擊，
猗窩座的故事根本是
讓人噴淚的橋段，任
何細節都不放過，無
限城的轉變，都做得
相當震撼，應該是接
近「神作」的一部。
雖然二刷了，還想要
在三刷"
劇場版「鬼滅之刃」無限城篇 第一章 猗窩座再襲,Ting-Yun,5.0,非常好看...無限城的運鏡看起來就是設計成給大螢幕播放的、劇情也好、願意二刷
劇場版「鬼滅之刃」無限城篇 第一章 猗窩座再襲,劉碩晟（レイ）,4.5,"《猗窩座再襲》不只是《鬼滅之刃劇場版 無限城篇》的第一章，更是《鬼滅之刃》一次情感與信念的極致綻放。

它讓人明白——戰鬥的意義，不止於生存，更在守護值得珍惜的一切。"
劇場版「鬼滅之刃」無限城篇 第一章 猗窩座再襲,Trista家杏,5.0,超好看！熱血沸騰🥺然後再痛哭流涕的看完
劇場版「鬼滅之刃」無限城篇 第一章 猗窩座再襲,鞏庭,5.0,超好看 喜歡義勇 超級帥 
劇場版「鬼滅之刃」無限城篇 第一章 猗窩座再襲,淨穎·ࡇ·,5.0,超好看🫡🫡🫡
劇場版「鬼滅之刃」無限城篇 第一章 猗窩座再襲,Andy（台南安哥）,5.0,"狛治（猗窩座）的故事很催淚
雖然漫畫版已經看過3次
動畫演出來，更上一層樓
燃之經費［無限城］更是令人嘆為觀止"
劇場版「鬼滅之刃」無限城篇 第一章 猗窩座再襲,李健誠,5.0,我只能說這次終於沒有重複的劇情了！從頭到尾都非常的精彩，特效也非常的頂👍長達兩個半小時都不會想去尿尿！
血降,WANDA LI,5.0,血降成功跳脫傳統印尼恐怖片框架，把惡靈題材拍成帶有動作爽感的黑暗史詩。世界觀完整，惡靈屠夫與追隨者的對立設定新鮮有型，武器與動作場面令人聯想到《鬼滅之刃》。古爪哇語咒語更添真實詭譎，是兼具刺激與文化感的恐怖新作。
血降,嚴心妤 Hailey,5.0,"不僅恐怖還有武打
很用心"
血降,吳玉麟,5.0,印尼這幾年恐怖電影進步很多，值得一看。
血降,Yuzu Chen,5.0,有傳統東南亞鬼片恐怖元素還有動作場面算是滿新鮮的體驗！
血降,郭小十,4.5,就愛這種帶有動作戲份的恐怖片!
血降,林建宏,4.5,很不錯喔
血降,Rocky阿狗咪歌王-俊智Y(^_^)Y,5.0,印度的恐怖片也越來越進步了，嚇死寶寶🥹🥹🥹
血降,Erin 楊于萱,5.0,太可怕😱
血降,Uni,5.0,值得一看
血降,盈妤,5.0,👍👍👍
血降,朱庭萱 Kaya,5.0,其實很新穎欸！不是一般的恐怖片，女主角很猛
血降,邱世翔,4.5,讚
血降,路易,4.0,🫣🫣🫣
血降,yoyo lin,5.0,很好看～值得推薦
血降,阿文,5.0,真好看。恐怖。有武打
血降,凡所有相  皆是虛妄,5.0,👍
血降,Zack,5.0,超恐怖印尼恐怖電影，意想不到的劇情加上可怕的配樂，絕對適合恐怖片的愛好者來觀賞
血降,Anita Liu,5.0,印尼恐怖片的冠軍，最近印尼的恐怖片越來越好看了，非常真實又嚇人
血降,黃鑫鑫 宮廟陣頭工班召集者,5.0,恐怖的印尼電影再推新作 大家一定要去看喔
國寶,簡嘉信,5.0,不知不覺，快3個小時的片，看完了，久久無法忘懷的感動，歌舞伎的淒美藝術有一種掙扎於人性生與死愛與恨的境界，美中不足的是前優後劣，但是，這兩個男主角彼此之間激盪出的火花是本片中最是深刻，這彌補了後半段倉促的情節
國寶,Elaine,5.0,太讚了！好久沒看到兼具文化藝術及豐富感情的電影了！！！音樂更是經典，讓人隨著古樂回到歷史中❤️看完很感動！兩位主角不僅完美呈現舞蹈，也把角色內心深沉的情感表露無遺。❤️❤️👍
國寶,CHUCHING👾,5.0,"主演吉澤亮除了顏讓畫面美感加倍之外，演技更是讓人完全進入國寶的世界🪭🪭🪭
國寶的音樂、燈光、運鏡都很觸動人心。謝謝導演讓我看到這這麼棒的作品
尤其最後一場舞真的美到我哭出來🥹真的是美哭
我從來不知道美麗可以如此觸動人心，能讓人哭泣"
國寶,高舒良,5.0,看完電影之後，久久不能釋懷，好久沒有看到這麼好看的佳作，一定可以角逐奧斯卡最佳外語片獎，兩位男主角的演技一流，本年最佳影片，看不懂電影的人，就不要理他了，我在看電影時，有幾度含淚，我會去二刷哦！
國寶,Miyuki D,5.0,"這部已列入今年看的日本電影第一名!!
超好看的大推!超好看的大推，好喜歡
超棒的歌舞伎!!! 日本傳統戲劇之美!!!
真的好美好美好美的好喜歡 ❤❤❤❤❤
真的好美好美好美的好喜歡 ❤❤❤❤❤
真的好美好美好美的好喜歡 ❤❤❤❤❤
尤其是最後一段!!!!!! 美到哭了~超級美!!
還看到哭了!! 太感動了!! 二人的演技!! (超棒)"
國寶,ben,5.0,本片將會橫掃明年日本電影獎
國寶,柚子,3.5,刪減了很多東西，很多情感要自己去體會，整體很壓抑 節奏跳很快，但很好看。會對男主產生共鳴，他只是燃燒自己給整個藝術而已。
國寶,得旭,5.0,"哭了幾次，忘了，袖口等字幕跑完都還是濕的。第一天第一場去看TITAN廳，大銀幕可以看到好多細節，旁邊好多拿非常好看的B4小海報。
很多沒看過的人都會提到霸王別姬，但我覺得其實跟霸王別姬很不一樣，一樣的只有都是傳統戲劇，以及橫跨30,40年的跟愛恨糾葛；這一邊是重心在為了達到女形極致所付出的努力以及和許多與魔鬼的交易；另一邊是在動盪的年代，為了不能說出口也不會被接受的愛，而進行了一場不瘋魔不成活，轟轟烈烈最後卻也只能心死黯然退出的人生劇場。
總之，一定要去大螢幕支持。"
國寶,Angus,5.0,"神作，超感動，值得一看的大作
肯定會得國際大獎"
國寶,史蒂文,5.0,非常好看的一部電影
國寶,Yiwen,4.5,真的好看
國寶,Mini,4.5,比起沒內容一堆AI特效，這部還原歷史、人文藝術、技術、場景、妝容、故事內容很踏實。無冷場很好看，看完收穫滿滿
國寶,Kathy,5.0,"很美的一部歌舞伎電影，推薦去有巨型螢幕的電影院觀賞，導演把無法用語言傳達的東西都放在舞台上了，一個眼神一個動作都是藝術。
There were so many incredible and beautiful scenes in the movie “Kokuho”.
《二人藤娘》《二人道成寺》《曾根崎心中》《鷲娘》 這些都是名作，沒看過的人也能很好的融入劇情。
男主角吉澤亮演技一流，登場前的顫抖、舞台上的淚水，甚至只有短短兩秒的失落眼神…全部都表達的很好，個人魅力爆發，和銀魂的總悟走完全不同的風格。我喜歡橫濱流星化完妝，在舞台表演時小小勾起的唇角，傳達出身為接班人的氣定神閒。
電影結束後絢爛的畫面還在心中，確實是近期內我最喜歡的電影了！"
國寶,Fini,4.0,好看，在大螢幕才能體會完美的細節
國寶,林心怡Jill,5.0,太好看太好看，看完心情悸動不已
國寶,Alfred. hsieh謝鄭忠,5.0,原本以為不同藝術文化背景的電影很難消化，但實際上對人性的刻畫深刻發人省思，戲劇場面即使聽不懂，但感染張力非常強烈，反而沒有冷場，非常推薦。
國寶,Reina Sato,5.0,"真的是～好看到我特別跑來留評論，第一次看完以後餘韻留在心裡好久好久，居然忍不住跑來二刷！
導演把歌舞伎拍得好美，那些特寫的鏡頭、特意搭配的交響樂，交織出角色不同時期的內心變化和時代故事，心情跟著跌宕起伏了好久好久.........這些是踏進電影院前完全沒有預料到的！即使是不認識歌舞伎的一般人，也能被劇情深深吸引，導演能將這部雅俗共賞的作品如此完美的呈現（最美之處）實在太推薦了！看好是明年奧斯卡最佳外語片的熱門奪冠選項👍"
國寶,zak ss,4.5,藝術片也可以拍的這麼好看，厲害
國寶,億萬富喵,5.0,將人生的歷練與日本傳統戲劇之美描繪的淋漓盡致！音樂也非常非常好聽！藝術之巔值得細細品味...大推
國寶,Joan Tseng,5.0,細節滿滿，環環相扣，美得令人屏息，歌舞伎世界的美麗與哀愁，主角配角都非常出色，3小時毫無冷場的視聽饗宴，讓人想二刷的經典之作～
國寶,千道,5.0,"很美的一部電影
美得讓人動容
美得讓人屏息
觀影讓我體會到，
有些美，不需要先懂（歌舞伎），才能領會"
國寶,今,4.0,"體感完全不覺得有三小時👽
二刷板橋威秀影廳關燈後
""安全出口""的兩盞明燈在黑暗中非常刺眼
(是會刺激眼睛的刺眼)
要不是有海報，沒有下次了🫠
二刷後覺得影廳設備的差異，影響很明顯
在演員人聲和重點場景音樂渲染力度
都會影響到觀影的情緒
還好一刷時是在松仁TITAN☺️"
國寶,佩娟,5.0,這種內容和等級的電影，值得二刷
國寶,Irene,4.0,"我不喜歡這個故事本身，感覺刪掉很多敘事。
但電影非常非常非常美，是近年少數打動我的電影。單純為了畫面也值得在影院坐快三小時，非常值得。"
國寶,aping,5.0,"在日本的時候就被大力推薦
太好看了，等書看完，一定要再去刷一次！"
國寶,edberg,4.5,還不錯，只是很多劇情沒有交代清楚，導演選擇剪掉或是留白讓觀眾自己想像？兩大帥哥同台，畫面真的很賞心悅目。
國寶,韋多芳建築師,5.0,真心值得推薦的好作品❤️
國寶,艾瑪芬,4.5,"推推推推推
顏值演技美感戲劇性的巔峰"
國寶,藤原 翔太,5.0,"真的很好看
燃燒自己奉獻給藝術"
國寶,Rita Liu,5.0,非常值得進電影院觀賞.
國寶,羊蚊魚,5.0,"神作～每位演員演技出神入化
畫面震撼美麗多重感官衝擊
很值得到電影院觀賞"
國寶,Carol,5.0,“ 國寶 ” 這部快三個小時的電影，完全不會讓人覺得冗長，劇情很緊湊、畫面絕美、從小到老的演技都很棒，好看、推薦！
國寶,路仁甲乙丙丁,4.5,蠻硬而且吃頻率的電影，看完當天覺得還好，好像沒特別喜歡，但接下來的幾天，偶爾會想起一些片段，有點後勁！！
國寶,簡秀芬,5.0,"優美動人的電影
深深讓人著迷
充分展現日本文化中細膩、堅忍的職人精神"
國寶,ON,5.0,很美的畫面，不落俗套的故事，很久沒看日本片或亞洲片了，很難得的好片。看完好像沒去買小說來看，會變成意猶未盡的感覺
國寶,蔡政融 (臻威爸),4.5,原以為是場3個小時的沉悶電影，結果出乎意料的好看！！彷佛來到日本看現場的歌舞伎表演！精彩！
國寶,阿維拉,5.0,是一部令人眩目斑斕的美麗作品
國寶,Trisha 姵霓,5.0,絕對的神作！
國寶,李後榮,5.0,聽說很好看 給她五顆星
國寶,Tod( 阿杜),5.0,一直以來很討厭歌舞伎的扮相，但看完這部後還是討厭，和劇無關，一直在想三代有用計？四代有用計？導演模糊了這塊，卻隱約點出了一切，觀後感是...我要控糖了....
國寶,傅玉珍,5.0,好看電影
國寶,美倫,5.0,國寳就像是完美的藝術品一樣⋯最後完美的呈現他所有累積的努力。感動人心，值得一看再看！
國寶,meisei,5.0,"真是一部太好看的影片（ 今年 ）👍👍👍
極推 ⋯⋯ 😘"
國寶,Libre albedrío,4.5,很有深度，值得細細品味的一部影片
國寶,Kent,5.0,"拜託去看
不用多說什麼"
國寶,昱凱,3.0,"我只能說
這是一部正宗的日本電影
節奏非常的慢慢慢
因對藝伎沒這麼多認識
所以無法判定戲中的演員到底演得如何
近3個小時的片長
就當看了一部藝伎家族的發展史"
國寶,fuvivi,2.0,"普普通通
這種太日本文藝故事內容個人不太喜歡
太長很敍事
其實有點悶"
魔法壞女巫：第二部,zak ss,4.5,負評是買不到版權的電影公司反串的嗎？想說明明國外的網評都還不錯，好險差點因為這些負評放棄看了，但因為想聽音樂，還是去試試看，剛剛去國賓看了，個人覺得比第一集更黑暗，更好看，好險有去看，評論真的不準，
魔法壞女巫：第二部,Rain蔡矣烈🐾,2.5,場景給一百分，相比第一集，劇情的內涵、倒不如說，這像是一場八點檔緊湊的劇情，每一個段落都像是拼拼湊湊，如果單純已歌唱來說、又不到位，但反思劇情，大概這世界你做的好事如果是別人不想要的，你大可以不做，本來很期待、後面覺得失望居多🧐
魔法壞女巫：第二部,藤原 翔太,0.5,"說真的 尊重別人評價 不用不合意就貼標籤 老子還多花一千多去華納威秀買熱氣球造型爆米花桶
劇情就是緊湊且支離破碎，演員很棒 但劇情辜負了 。
電影好不好 每個人都去看才知道 不要覺得評價能左右你看電影的選擇，別人不喜歡未必你就不喜歡！
真的不用當腦粉把負評都貼標籤 我兩集都看 還帶朋友去看"
魔法壞女巫：第二部,hikari,0.5,劇情破碎，不知所云，就是為了政治正確而已
魔法壞女巫：第二部,吳忠憲,5.0,"我記得第一集在這裡也被罵慘，可是全球票房超過7億美元，我和孫女下午去看，蠻好看的啊
別管那麼多了，大部分的人都坐到字幕完全跑完才離開"
魔法壞女巫：第二部,Boo ● ㄷ ●,0.5,瘋掉 第一季跟第二季唯一一樣的只有演員😆
魔法壞女巫：第二部,彭俊雄.劉麗華,0.5,難看
魔法壞女巫：第二部,ps2 ,0.5,比上集差。拖戲
魔法壞女巫：第二部,陳奕維,1.0,難看
魔法壞女巫：第二部,caviar,0.5,難看到爆，劇情鬆散不知所云，睡點很多，完全不推薦
魔法壞女巫：第二部,Ian 則逸,3.0,整體來說普通持平，可能劇情結局並不是大家想要的，但是結局確實是很令人傻眼，不知所芸⋯不知最後想傳達的意涵到底是什⋯真的第一集還好看些⋯（本來期待很高的🥲）
魔法壞女巫：第二部,劉麗華,0.5,歹戲拖棚，上集就演完的 、搞的這次什麼都沒有劇😭大爛片
魔法壞女巫：第二部,Cheerrie Tew,1.5,"個人覺得劇情很難看，現在這個時代是想傳遞什麼樣的價值觀？戀愛腦？？？
唯一覺得有安慰到我的應該是服裝妝容很精緻吧🙂"
魔法壞女巫：第二部,Miku,1.5,真的還好，上半部第一集還比較好看，下半部我看到一半就看不下去，各種自我浪漫，等串流平台上的時候再看就好了
魔法壞女巫：第二部,Mino Lee,2.5,第一集比較好看
魔法壞女巫：第二部,🐹,0.5,啊不就桃樂絲的冒險...
魔法壞女巫：第二部,V,0.5,可以比上集還難看的真的一言難.....
魔法壞女巫：第二部,Zoëëëëë民柔,3.0,"第一集比較好看
但好女巫真的比較美"
魔法壞女巫：第二部,晨曦已顯,3.5,"重申一次，
這不是闔家觀賞的育兒片，
千萬別將還在形塑價值觀的國小以下幼童帶去看，
你會後悔的
但是，大推給高中職以上與社會人士去看，
細品不會後悔
這才是真正的寓教於樂，只是教的是我們。
人生本就開放式結局，善惡模糊未定論，已經言之在先了。硬要將嬰幼童或國中子弟帶去，被扭轉了價值觀勿謂言之不預。
事實上，這部好片，值得納入高中以上好片教材。"
魔法壞女巫：第二部,蘇育頡,0.5,大爛片，爛到一定要評論，劇情無言到笑出來超級荒謬，唱歌好聽景好看沒有別的🙂
魔法壞女巫：第二部,lrene,3.5,"其實還好 沒有到很差的地步 較第一部來說 也許少了點豐富 奇幻的劇情，但多了內心層面的省思 面對真實的殘酷做自己 還是活在謊言下的人生 打造我認為的幸福 ...
王子不是一定就會愛上公主
真正美麗的結局也許不完美
但你終於...
找到了你想要存在的方式
* * *
對於反派角色太容易被消滅
有點意見 不夠精彩😂
"
魔法壞女巫：第二部,Ming,4.5,"我覺得比第一集好，因為拍法、演員都更成熟，場景依然美到讓人讚嘆，至少導演的功力和用心，是令人激賞的。
但故事，我想是原著就這麼黑暗，人究竟要如何看見和扮演自己，或是和別人要有什麼樣的關係，有一些深的省思，那應該是原著就想帶給大家的。
世上要有壞女巫，大家才會相信好女巫，人間就是這麼荒謬可笑，但當個好女巫要帶給世上什麼，那才是最重要的。
不要相信表面上看到的善惡，那未必是真實的，作者打臉了世上所有看起來善惡分明的一切，最後該相信什麼，作者沒有說，所以真的不太舒服。
但不失為是一部好電影，至少完成作品的人都很用心，兩位女主角太棒了，換別人演不會有這樣的火花，無可取代。"
魔法壞女巫：第二部,Chen Wei,0.5,故事劇情混亂，根本不知所云，角色之間的愛情戲堪比八點檔，整個國家人民智商堪比人手一本殘障手冊，被這些主要角色玩弄於股掌之間，整個尷尬癌發作，一些角色不知道為啥蹦出來，太多槽點可以吐槽
魔法壞女巫：第二部,劉麗華🍎,0.5,實在難看
魔法壞女巫：第二部,芹芹,5.0,喜歡歌舞劇
魔法壞女巫：第二部,但💯,0.5,真正的爛片
魔法壞女巫：第二部,品叡,0.5,睡飽睡滿
魔法壞女巫：第二部,糖糖🍬,4.5,真的好感人😭
魔法壞女巫：第二部,ChiYin Chen,5.0,"第二集=音樂劇原作的下半場，大家抱怨的劇情太跳在音樂劇原作中也是如此，其實沒有問題。畢竟這部片是音樂劇改編，原作沒有的導演自行腦補的話也不是所有人都認同。
電影/音樂劇時長有限，不及完整勾勒的過程，讓大家自行發揮想像力補完，把焦點放在享受演員、音樂和視覺，會非常享受。
音樂劇原作已經精彩萬分了，電影則讓視覺上則讓各種感官享受化作精美絕倫的具象，喜歡音樂劇的人來看一定會非常滿足。"
魔法壞女巫：第二部,Hsueh,5.0,歌還是一樣好聽，聽到亞莉安娜跟辛西婭還有拜利的聲音整個雞皮疙瘩都起來了，等了一年終於等到了，而且劇情也有完全沒料到的轉變，即便相較於第一部有遜色一點，但是整體是還算不錯的，幫他們平反一下！💚🩷
魔法壞女巫：第二部,ϵ(˶‾᷅ ᴥ ‾᷄˵)϶,5.0,真的覺得很好看，完整了整個故事述說的細節和前因後果，上下集前後歌曲歌詞和演唱者立場的相互調換、呼應劇情角色的轉變設計也很用心，雖然故事有些成人世界的寫照，但那卻是真實的反映了現實生活的周遭可能遇到的狀況。我還會想再看完整的1、2集合映！
魔法壞女巫：第二部,Olivier Chen,5.0,刷六場連哭六次惹
魔法壞女巫：第二部,*Hans*謝漢斯*,4.0,說劇情難看的人知道這是知名音樂劇嗎
魔法壞女巫：第二部,William_y,3.5,我覺得第二集似乎在以人性為主題（？謊話說一千遍就是真話了，還有偏見問題？
魔法壞女巫：第二部,⭐️,5.0,神 音樂劇粉真的會愛死！
魔法壞女巫：第二部,宣達,4.5,很好看啊雖然沒第一集引人入勝精彩，但還是好看音樂也很好值得去電影院看👍
魔法壞女巫：第二部,張宸瑋,4.5,"壞女巫不是壞女巫，壞女巫真誠善良，而表面上看似好人的女巫，背地裡搞小動作，最終受到懲罰。
很值得看的電影，結局會意想不到。"
魔法壞女巫：第二部,曾繁行,5.0,其實還是覺得不錯看～不要太追求劇情的邏輯性🤣當作一般動畫看還不錯！角色的故事和成長很感人🥰
魔法壞女巫：第二部,柯智元,5.0,第一集很經典，尤其結局收的很精彩。相較之下第二集就較為平淡，且劇情交代的太多所以變得很散，尤其反派的劇情更快速帶過，稍嫌可惜。不過歌曲很好聽，女主唱得很強
魔法壞女巫：第二部,佐藤夕梨,4.5,看評論區那麼低分，但還是跑去看第二集完結篇，看完非常震撼，比第一集還要刺激好看，100分滿分的話，我都想給200分了，根本神作。
魔法壞女巫：第二部,Anymurmur,5.0,覺得不難看耶！至少結局很有新意，也不會太拖戲
魔法壞女巫：第二部,張雁淳,5.0,魔法壞女巫女主角特別漂亮美麗也會演戲！我覺得這部電影非常適合大小朋友去看的電影喔！男主角也特別帥喔！我覺得綠色的巫婆非常恐怖喔！
魔法壞女巫：第二部,MoMo Hsu,4.5,"這裡的短評超沒參考價值，不是片商找網軍洗好評，就是看起來根本沒看過的洗負評。根本不會有不喜歡第一集跑去看第二集的觀眾好嗎？再怎麼批評，它仍會全球大賣、口碑盛讚（不包括這裡）的一部音樂劇電影，短時間無人能超越。
在第一集幾乎完美的狀況下，第二集很難超越很正常，但電影給了音樂劇沒有的更多感情和交代，但一樣感人，音樂也好聽，只是差第一集那麼一點、少了第一集的華麗舞蹈。"
魔法壞女巫：第二部,SHENG,5.0,看完我和朋友都覺得比第一集好看很多！
魔法壞女巫：第二部,可欣 NANA,5.0,無懈可擊
魔法壞女巫：第二部,Ray,5.0,有點類似蝙蝠俠推出黑暗時刻的味道，適合有點人生經歷，尤其喜歡藝術、歌劇的觀眾。
魔法壞女巫：第二部,林映岑,5.0,符合音樂劇原作就能給10分
魔法壞女巫：第二部,ERIC,4.0,這部片根本在影射現今台灣政壇，反綠的應該心有戚戚焉，反綠必看
創：戰神,Alice,5.0,"剛看完screens版，真的超刺激，我坐第9排中間的走道，還感覺超級近的，有4D的效果，3面螢幕真的超震撼的，居然發明雷射槍把人射進去電腦裡超酷的，超級未來感的一部電影，檔車也超帥的超讚👍
真的要去看才知道有多震撼👍👍👍"
創：戰神,Jet 政哲,5.0,剛看完screen X 版，高度發揮Screen X的效果，另劇情邏輯清楚，動作特效緊湊刺激，讚喔👍
創：戰神,🍭🧸☆蓉☆🐏🍬,3.5,是不錯看，但是和我當時看的第一集〔創：光速戰記〕，我反而比較喜歡那部😅😅
創：戰神,Lena,5.0,真的超刺激超震撼的，而且真的要用screenx的螢幕看，才夠刺激，3個螢幕超大，又有很近的效果，感覺都快撞到我了哈超讚的
創：戰神,昀靜,4.5,劇情發展優良、因應時事，特效佳，適合觀看大螢幕
創：戰神,荳荳,5.0,看3D版，很讚😎特效酷炫～男主帥❤️配樂震撼
創：戰神,R,5.0,"音效特效精彩！
看了那麼多電影，胃口被養大後，這種特別的節奏我反而更喜歡😍"
創：戰神,Evy,4.0,萊托人機的很合理，美術特效做得很不錯👍
創：戰神,ϐׁׅ֒υׁׅꪀׁׅꪀׁׅᨮ꫶ׁׅ֮,4.0,"本月觀看的第三部電影了，這種特效爽片就是要大螢幕觀看才有效果，個人認為音樂也都很好聽，不喜歡科幻題材還有遊戲數位AI的可以跳過不必強迫自己，爛片真的不至於！我個人認為這種片在家看才是糟蹋，就跟一級玩家意思一樣看視覺音效與特效的，家中無法呈現震撼爽感。
戰神顏值真的挺高的😂，進去之前就明瞭這絕非著重劇情的商業片，建議觀眾們電影跟戲劇的觀後評論一定要去看最高跟最低分參考後，最終自己綜合結果ok！"
創：戰神,馬西,5.0,"爽片就是要看4DX版的
畫面精美那是不用再多說了
九寸釘的音樂一點都不輸給傻瓜龐克
致敬阿基拉的那一幕更是經典中的經典（我阿基拉迷"
創：戰神,廢許,5.0,動作精彩、劇情流暢又充滿未來科技感加上音樂襯托，看完覺得舒服
創：戰神,淨穎·ࡇ·,4.5,好看推推
創：戰神,Rain蔡矣烈🐾,4.5,迪士尼近期最有劇情、特效影片，專注觀看、沒看第一集也沒有關係
創：戰神,Tina,4.5,大銀幕就是過癮！電影特效真的讚！
創：戰神,路仁甲乙丙丁,4.0,各種炫砲載具蠻有趣的，尤其我以此片開箱大巨蛋秀泰Ultra 4DX，載具追逐戰看到快飛起來好好玩，不過橋段安排就不要太理性看待，整體娛樂性還行！
創：戰神,海上戰神,5.0,"沒看過第一集
但直接看第二級無違和，與現代世界的ai議題蠻貼切
蠻有創意"
創：戰神,劉根台,3.5,"故事稍為平淡，音效配樂100分,nine inch nail 是天才"
創：戰神,Jasonwcw至驊,4.0,不錯看 整場刺激緊張
創：戰神,瑋民（紅塵劫）,5.0,好看
創：戰神,許家豪蛇年行大運,5.0,好看喔
創：戰神,歡歡,5.0,"在新光影城Lucy影廳看得
非常值得一看"
創：戰神,阿文,4.5,看爽片不錯
創：戰神,任性吃甜✨,5.0,視覺音樂特效都很棒，IMAX給它買下去，有人覺得不如光速戰記，但是這本來就沒啥劇情的爽片🤣 上一集是花比較多時間交代前因後果，這集就直接開戰的概念www
創：戰神,合歡山- 小林,3.0,其實，看完之後，感覺還好，不會想看第二次
創：戰神,LIAO 廖,4.0,就沒甚麼劇情的科幻爽片，大螢幕效果還不錯啦！
創：戰神,Mumu,5.0,👍
創：戰神,瓏祐,5.0,Good
創：戰神,Wayne,4.0,"還不錯看
聲光效果不錯
載具跟打鬥比較可惜
有些一下就被打爆
另外女主如果是選他妹妹來演的話更好"
創：戰神,Jeng Fong（政峯）,4.0,"上一集光速戰記比較有科技感
還可以再加強一點就更好了"
創：戰神,Yvonne,5.0,非常好看，一定要看3D IMAX
創：戰神,宇文拓,4.5,已看了2遍4DX版本，不論是俯衝震動還是飆車都能感受到風動水噴的臨場感，近期最適合使用4DX體感的電影～很過癮！！
創：戰神,吳忠憲,4.0,還可以接受啦
創：戰神,Jack11,4.5,還不錯看，有些小細節不夠好，有時強的過頭碰上主角又變得有點弱！反正就可以去看啦！
創：戰神,Jacky,3.5,還算可以，沒什麼劇情，純粹看聲光特效。
創：戰神,May（芯愛媽媽）,5.0,非常有原創性 很好看 鄉民只覺得炫技 但我覺得有很多層面的細節可以看 畫面就是震撼好看
創：戰神,Ava 芳儀,5.0,好看 無冷場
創：戰神,昱倫,5.0,好看
創：戰神,葉上慶,4.5,不錯看
創：戰神,Lisa,2.5,說真的，很普通！只有科技感帥而已。
創：戰神,吳思賢,2.0,非常非常的還好
創：戰神,宇,4.5,"只有片尾 出現上一部的 男女主角
以及 費林 貫通三部都有他了"
創：戰神,池,5.0,能解決人類少子化跟缺工問題
創：戰神,今生今世 ERIC,4.0,比前一集好看。
創：戰神,卡哇,0.5,"明明很難看 這群洗分仔是？？？
乾就是看了你們的回饋花錢跑去看，結果根本是坨屎，賴你再買洗分軍團啊，以後評分參考直接跳過你們，越想越賭爛，以為看電影很便宜喔"
創：戰神,鄭凱文,3.0,"為了這部特別去看Screen X,覺得劇情太過簡單牽強,視覺設計遠遠不如第二集,真的不推薦大家去電影院看😑"
創：戰神,金海HAI,1.5,Master control弱到不可思議?整理劇情超不合邏輯
創：戰神,Yu Jung,3.0,畫面華麗酷炫 但導演想跟第一集做連結確沒有用心在編寫劇本上 導致內容空洞 但沒想像中難看 不過跟第一集比起來 就是黯淡無光
創：戰神,邱,0.5,其他版本不知道，但一般版本非常適合用來治療失眠
創：戰神,姮(Heng)伊(Yi) ☃️,1.5,我覺得劇情很悶⋯⋯結果後面看到睡著😖😖😖
創：戰神,y,5.0,好看雖然我還沒看
地母,鍾大正,1.5,"節奏真的非常慢，每個鏡頭都很長，畫面傳達的資訊量不足以支撐我時刻保持專注，前一個半小時會非常想打瞌睡，角色之間的衝突來的太晚，被前半段拖累，收尾也過於草率。
但范冰冰的演技真的比起其他演員高出不只一個層級。"
地母,自由,1.0,催眠
地母,ben,0.5,台灣評審跟藝術片控的最愛
地母,恶妇固体胶通融通融,2.5,不錯
喇嘛與仁波切,Mei Hsiu,5.0,"透過大螢幕
更能感受到
小仁波切的心境"
進行曲,Zoe Su,4.0,"#小鮮肉國片 #大推
感謝 樂久國際影視 活動，讓我今年生日有這麼棒的電影相伴，說實話這部預告我覺得超沒fu，但沒想到進戲院看才發現是這麼閃閃發光又熱血的故事，跟運動類的勵志不同，國高中有接觸各種表演藝術專班或社團的人一定超有共感，群體團練的合作，大家一起共進退的熱血，「學弟不要怕，學長在這裡！」的魔性喊話，這段在考試當天集體反叛的表演編排是我覺得最有創意最亮點的地方，這場景調度的功力很可以💯💯💯

小鮮肉演員除了帥演技也全在線，而且看到中間接 #西索米 打工那段，坐我旁邊的魔笛先生直接瞪大眼睛啞然失笑，這不就是他自己高中打工的故事嗎🤣🤣🤣 而且西索米由來竟是我們天主教神父起的頭‼️也太奇妙😲😲😲

原來沒有愛情線的故事也可以拍的這麼好看！台灣國片真的有在進步，有感受到逐漸打破小情小愛的框架了👍👍👍"
進行曲,Jimi Bro 吉米哥,5.0,"「青春、熱血」兩詞雖然八股
卻是最貼近這部電影的形容

故事背景發生在建中樂旗隊
因為已很久沒看高中生題材的電影
一開始確實需要一些時間適應

但還好時空背景設定在90年代
所以體感上並不陌生
幾首插曲：
林強〈向前走〉
蘇慧倫〈追得過一切〉
周華健〈不願一個人〉
都是學生時代的回憶

劇情部分倒是中規中矩
大致上都是勵志電影可預期的走向
沒什麼值得一提

演員表現也算整齊
三個男主角沒有誰特別搶戲
(就是海報上最大的那三個人)

反而演學校主任的馬志翔
實在討人厭的非常搶戲 (讚美之意)

還有一場李李仁與兒子牧森的父子吵架戲
堪稱全劇高光時刻，已淚目
是我心中整部電影的得獎場

至於最後的樂旗隊比賽大場面
所有演員真槍實彈上場
管樂真吹，走位真跳，後空真翻
讓我想起《乒乓男孩》的決賽
張力十足，熱血沸騰，沒什麼好挑剔

其實看這種青春熱血電影或運動電影最怕：
1. 該作大的地方還小家子氣
2. 該煽情的地方還在假文青

好在《進行曲》都沒跟你客氣
竭盡所能掐爆你的淚腺與腎上腺
還有膀胱

片長兩小時望週知。

結語：推推！"
進行曲,Daisy伊捷,5.0,"流暢度很好比角頭好
熱血學生片"
進行曲,Tina Huang✨,5.0,"《進行曲》是一部會讓你笑中帶淚的電影。熱血的團隊合作、真摯的青春情誼，「學弟不要怕，學長在這裡」，讓人心頭一暖。身為高中生家長，更能深刻感受到孩子們在青春歲月裡的努力與堅持。看完後，心裡滿滿感動。進電影院之前，別忘了帶面紙喔！
2分鐘前"
進行曲,陳章一,5.0,"難得看到有共感的電影🎬
也是年輕時的遺憾
沒有經歷過一群人一起努力的夢想"
進行曲,翼,4.5,青春，熱血還有點搞笑！不會沉悶
進行曲,ON,5.0,超讚
進行曲,龍匯,4.5,有燃起讀書時期回憶及現在做家長的感觸，小清新好作品👍
進行曲,GD818💕,5.0,"能和一群人一起完成一件事，一起成長真的很棒！
片中青春洋溢的樣子不禁令人回想到自己年輕時的校園生活～
這部片在看預告時還沒有這麼期待，沒想到好幾幕都讓我感動到落淚！
真的很推薦大家進戲院觀看～
一起回味曾經的青春歲月"
進行曲,Charlie,5.0,演員演的很好，也不矯情，的確是把當年的矛盾與現實完整表達，大家立場不同。我相信排練樂儀隊真的很難，拍攝上是有難度的
進行曲,黃亮添,4.5,原本不抱持任何看法，只是朋友提議去看就興沖沖跑去看！沒想到台中老虎城威秀有本劇演員蒞臨戲院現場！雖然對新人演員不熟，但看完整部之後！確實得到滿滿的情緒價值！推！
進行曲,鈺詠（宥豐水電）,5.0,非常好看感人的青春電影，劇情流暢合理
進行曲,小吉,5.0,超好看
進行曲,徐蒼望,4.5,好看
進行曲,H E N G,5.0,熱血動人！
進行曲,小真真,4.5,好看 感動
進行曲,SHENG,5.0,好看Good!!很慶幸有進戲院支持這麼棒的國片👍
進行曲,廖克軒,5.0,貼近生活 節奏順暢 直擊心靈 熱血又感人
進行曲,Gan Zheng Yl,4.5,很棒
進行曲,Di萩Na,4.5,可圈可點～好看，感動
進行曲,阿范,5.0,本來看預告內容真的沒啥興趣，想說國片還是會有點怕怕，但朋友持續說服下來觀看，真的挺不錯！！青春及對自己的夢想堅持，輕鬆小品，雖然除了李李仁，其他不是大咖演員，但表現還是不錯的👍
進行曲,詹雅鈞yajin,5.0,令人感動又好看的影片。我覺得劇本寫得很好
進行曲,Sunny Chen,4.5,"學生時代也曾是管樂社社員，這部片讓我彷彿又回到當年辛苦練團、酸甜苦辣交雜的青春
這部片充滿熱血青春、與少年們一片赤忱的熱愛，大家因為不同的原因偶然在管樂裡有了交集，也因為這樣蛻變成更爲勇敢、更好的自己，讓人為這樣笑中帶淚的青春感到羨慕
劇情緊湊不冷場，值得一看的國片！"
進行曲,Kyle凱,5.0,很好看，我看到哭出來
進行曲,PoChouFu,4.5,👍
進行曲,Stan Ou,5.0,很好看的電影，這是會引起大家進電影院的觀眾很小眾，祝得獎 第62屆金馬獎 新進演員獎
進行曲,小葉,5.0,"爽片
熱血爽片
屬於年輕男人的熱血爽片
還見到飾演角頭系列的男星出現在本片演校長與宮廟主委！"
進行曲,SYG,5.0,很喜歡這部電影！雖然樂旗隊可能不是每個人共通的回憶，但每個人總是有可以讓人不顧一切的熱愛的事物，看完這部片也讓我回想起這樣的經歷
進行曲,KWJ,3.0,"原以為會是部媲美志氣的勵志電影，看完後滿失望的，電影的主線故事說得很差，不必要的支線甚至多到影響了主線，連讓觀眾想看一場像志氣一樣振奮人心的精彩比賽都沒有。
人物的刻劃上更是薄弱，男主角江浩類似志氣裡的主角春英，都是屬於剛開始在團體裡實力不起眼，透過不斷的努力和成長，最後成為團隊中大黑馬的人。在志氣裡，導演隨著劇情的推動，讓觀眾看到春英的努力和成長，反而進行曲裡我看不到江浩的努力和成長，只看到電影裡用一些很表面的東西去包裝江浩的努力和成長，反而可惜了演員牧森的發揮。
以大多台片品質都不佳的情況下，進行曲勉強算及格之作。"
進行曲,吳思賢,3.0,普通在好一點
一戰再戰,奕智,5.0,這部電影真的不適合那些平常只看爽片、商業片、娛樂性質高的人，它所要講述的議題太多，文戲就佔了2小時，並沒有輕鬆詼諧的調性，反而是藉由片中各個鮮明特殊的角色，憑藉演員的演技來讓觀眾能被帶入劇情，我看得很爽，真的很爽，體感完全不到近3小時，那些說難看的真的要會挑片看，更別提李奧納多選的片一直都不是偏向主流電影，並非迎合大眾口味，台灣觀眾真的普遍無法接受這類題材電影。
一戰再戰,曉明,4.0,這齣喜歡的就很喜歡，不喜歡的就很不喜歡，現在年輕人大多都是不用腦子看電影，所以評價差我不意外！
一戰再戰,real chang,5.0,非常好看，也道出美國目前的窘境明明是齣iMdb8.4分以上的神作居然接受度這麼低。
一戰再戰,Neilson(威達),5.0,明明就拍的很流暢~也看的很爽~明明就是好片之一
一戰再戰,冷,3.0,"不可否認電影很吃劇情內容、但一方面也是很吃演員的個人魅力!! 相信這部大家第一眼注意到的演員陣容是李奧納多(雖然現在已成中年油膩大叔🤪 不過基本上他也算電影保障演員之一）可能多少救了點票房🤭
這部他屬於次角，為使電影不沉悶有加了點幽默搞笑成分在裡頭，黑人女主角會讓人出戲(我膚淺😉） 女兒才是真正靈魂。
(左派)在積極挑戰改革保護人權的立場上
抗衡著 (右派)捍衛國家主義 堅定民族意識不容被滲透"
一戰再戰,Chloe Hsu,4.5,敘事流暢有故事性，娛樂兼具現狀反思，場面不算大製作，但是看西恩潘一本正經講幹話，和李奧演好爸爸就夠了！美中不足的是媽媽好醜，女兒怎麼那麼漂亮～
一戰再戰,Zoe,5.0,"我給10分 如果想看爽片的人可以繞道了
西恩潘跟李奧納多都演得很好
最可愛的是裡面的墨西哥老師
主要是講種族、移民、階級
反烏托邦
這我都不管 總之有很多片段都很幽默
李奧納多演的廢宅老爹太好笑了
暗號想不起來就是不會想不起來🤣"
一戰再戰,Zoe💫The Key yoga🧘‍♀️,4.5,輕鬆逗趣、劇情流暢又再驚喜的反轉，配樂好聽，個人覺得是近幾年難得好看的好片了，兩小時40分鐘的舒壓時間
一戰再戰,ダンヒル,3.5,"以商業片來說，她真的不是受歡迎的題材。
以娛樂片來說，她只是滿足了粉絲的追星。
片子真的有點過長，變得無法聚焦。
但，這片真的只是看演員的演技。
每個角色，都很鮮明。
法國75，就是為了不滿官員及社會的現況，而反對，造成革命。
裡面的角色，成為本片的主要故事線。
支線的西恩潘，成為獨特的角色，迷戀黑人，濫用權利，滴血驗親，企圖爬上白人高階社會，最後還是被搞掉。
李奧納多的癡迷個性，讓他演好慈父的角色。
班尼西歐的火力支援，也算是仁至義盡。
至於女兒的演技，誠如大家說的，應該超越媽媽。
是還值得一看，只是看你從那個角度，看這部片。"
一戰再戰,Jason Liu,4.0,能夠了解電影所以想傳達對於自由的拼搏，也看到種族與性別的議題，偏向美國式探討政治正確與女性主義的論辯，不會到難看，但只覺得對一般想看娛樂片的大眾來說可能過於冗長無趣
一戰再戰,Fu,4.5,"要對美國政治文化有了解比較能看的下去，
我看法是要用反諷的角度去看結局這裡，上校為了進白
人組織說謊被強暴，媽媽為了自己心靈能好過寫了那封
信，而兩人其實一樣都是爛人，媽媽還拐了女兒加入革
命組織，也都是為了自己而已,而其中的空手道老師和
賞金獵人都有救人，也在反諷左派右派為了自己目的殺
人，整片我覺得導演兩邊都在明諷暗諷，媽媽在銀行殺
了黑人警衛，為了自由拋家棄子，為了活下去當抓耙
子，最後女兒槍殺只是車子跟在後面不知道暗號的人
（在女兒視角她根本不知道後面的是誰，但只要不知道
暗號她就可以殺，即時是她老爸，也必須對暗號），
導演都在暗指這群人也只是自私自利的人，包裝在正義
革命的大旗下而已！！"
一戰再戰,Kyo,1.5,"簡評（或者說：吐槽）一部（號稱）李奧納多主演的新電影：一戰再戰。
據說是李奧納多和名導演保羅湯瑪斯安德森磨合了20多年，終於配合上的檔期的合作，爛蕃茄指數98分（WTF?)
三大影帝的合拍，李奧納多、西恩潘、班尼西歐岱托羅。交出了這一張…..（對不起我看不懂好在哪裡）成績單……..
直接說結論：
- 如果你是衝著李奧納多去的，那就千萬不要去看。戲份少就算了，小李子的角色安排上也沒有什麼特殊的地方，論動作沒動作，論情感沒情感……
（預告片裡面李奧納多振臂高呼「這就是革命！」的這一段戲，在開演不到5分鐘就已經演完了，而且那個是他整個劇裡唯一的高光時刻。）
- 整部劇結構鬆散，配樂充滿「間斷」感。情緒無法培養起來。
- 這部電影不值得看，更不值得用iMax看(而我兩者都踩雷了……）
再說一些細一點的：
- 這部劇把所有想得到的政治情緒跟訴求都罵了一遍；左派的極端暴徒手法，白人右派的種族歧視組織、美墨邊境的移民問題，美國執法單位在執行移民問題上的衝突….等等。
當然也講述了不同種族之間的婚配問題……
整片看完也沒有弄清楚主角這一方（所謂革命陣線）的訴求是什麼？（我比較魯鈍"
一戰再戰,Ku Ma,4.0,"很有意思的一部電影，評價兩極，好看或不好看很主觀--->對我來說，我蠻喜歡這電影，三大男主演技爆棚，小女主表現可圈可點！
如果喜歡皮卡丘這10年來的選劇本邏輯，這部片不會讓人失望，講述很多議題，不見得看得懂，但影像敘述表達豐富，加上演員的演技，整部片沒什麼冷場或太說教的感覺，不知不覺160分鐘就過去了，而且就算當時看不懂，看完電影再看影評講解，就會恍然大悟～～原來如此！！！反而佩服導演與演員們的精彩演出
個人感覺這電影票花費蠻爽的，精神層面來說，不會有那種我到底看了什麼的異世界不適感，而是佩服～～果然是皮卡丘與西恩還有班尼西歐"
一戰再戰,高鈺絜,4.5,"精湛的演技 微妙的運鏡 掌握氣氛的音效 緊湊的劇情
好看的好片"
一戰再戰,柔,4.5,"爽片，看片前記得先上廁所。
第一次看這麼放鬆的李奧納多，再搭配導演拍攝的幽默方式，整體看完電影還是合不攏嘴🥰
雖然片時間非常長，不過能讓人看完放鬆心情。"
一戰再戰,noreen,5.0,好看
一戰再戰,宇,0.5,"超級難看，能勸一個是一個
劇情非常奇怪不合邏輯意義不明走向混沌
我那麼愛藝術片的，我朋友只看商業片的
看完都覺得創了看過最難看電影的紀錄
我到底看了什麼這句話就是發明來用在這裡的吧"
一戰再戰,凱如,4.0,劇情峰迴路轉、難以預料，壞小子變壞老子西恩潘的演出令人驚艷，最後一段公路電影拍得很有創意，劇本是電影的靈魂，這部電影個人把它歸類為劇情片，期待大動作場面的觀眾可以不用入場了；比對現今美國社會的氛圍，對導演獻上最高敬意。李奧榮登地表最弱老爸，帶點黑色幽默；btw 班尼西歐·狄奧·托羅真是太帥了👍
一戰再戰,Esther,1.5,真的不知道李奧納多怎麼會接這部😅可能我不夠有深度
一戰再戰,Elaine,4.0,好看！不愧是演技派！音樂也配的很特別，只不過劇情中的打劫團體到底是什麼目的，不太了解，哈！
一戰再戰,浩文,5.0,很好看
一戰再戰,Kimi,5.0,蠻搞笑的，尤其是要充電那一段
一戰再戰,Miki🐱,5.0,值得進電影院看的好電影
一戰再戰,scott9128,3.0,"整體流暢 吃演技的….
可看可不看….😂"
一戰再戰,王小福,3.5,其實也不難看，拍的算寫實，只是音樂真的很不協調，與影片不搭，導致看到很憋屈
一戰再戰,綸Lun,4.5,"他不是動作片
卻是一部導演很用心的劇情搞笑片
這位導演很喜歡髒話跟性，
但不影響這整部片的風格！
最後音樂很棒，劇情也交代很清楚，皮卡丘超會演"
一戰再戰,Daniel Liu,3.5,西恩潘演的精彩，小李子反而像個檢場。追車鏡頭視角特出，很棒的體驗！
一戰再戰,Eric,0.5,要不是有李奧，不然這部的票房，應該慘不忍睹
一戰再戰,吳忠憲,4.0,剛剛去看了，我只能說電影的題材真的是非常特殊，從沒看過這樣的電影
一戰再戰,k.c.,1.5,沒動作場面，沒槍戰，沒飛車，劇情普通....
甕靈,郭小十,4.5,有以前看泰國降頭恐怖片的感覺
甕靈,嚴心妤 Hailey,5.0,家庭詛咒跟傳承都是不敗的題材經典啊
甕靈,H.Y.,4.5,好看，是有劇情的鬼片~~
甕靈,Yuzu Chen,5.0,結合越南在地文化的恐怖強檔！
甕靈,WANDA LI,5.0,甕靈取材自越南守護靈傳說，氣氛營造優於嚇點。作家與少女聯手解謎的設定帶點新鮮感，棺材入睡的場面令人印象深刻，文化元素讓故事多了層詭異韻味。
甕靈,吳玉麟,5.0,只有兩個字，非常恐怖。
甕靈,Jules Chu,5.0,這部片最讚的就是它呈現了很地道的越南恐怖文化，特別是那個「甕靈」的設定，聽起來就超毛但又很新穎！雖然被歸類為恐怖片，但它的畫面很華麗，有種古老又神秘的氣場。如果你是喜歡亞洲在地傳說、又想看點不一樣的恐怖片迷，它絕對能滿足你對異國驚悚感的期待！重點是，故事的情感糾葛其實也挺有看頭的！
甕靈,yoyo lin,5.0,越南的鬼片也越來越厲害了～
甕靈,把你爸爸,3.5,不錯喔
甕靈,Uni,5.0,值得一看
甕靈,盈妤,5.0,👍👍👍
甕靈,Sid,5.0,😀
甕靈,Erin 楊于萱,5.0,太可怕😱
甕靈,Rocky阿狗咪歌王-俊智Y(^_^)Y,5.0,嚇到😟看來還是請喜歡恐怖片的朋友去看，吃手手～
甕靈,朱庭萱 Kaya,5.0,特效蠻寫實的，很可怕
甕靈,阿文,4.5,夠恐怖。又好看。嚇死了越南恐怖片。好看。
甕靈,BEN-Z,5.0,讚
甕靈,阿荃(Dora),5.0,😱
沒好婚姻,艾莫西,5.0,超好看！好久沒看到那麼睿智又犀利的台詞，把關係內的「相愛相殺」演得絲絲入扣！Benedict Cumberbatch與Olivia Colman火花太強，影帝影后級的表情教科書，讓這幾乎沒用太多鏡頭或剪接效果的作品，透過他們的表情與微小舉動精準到位！自尊的制高處其實最傷人，相愛與相處有時候就是一種妥協，電影透過各自無法取捨的「身外物」與「格格不入」有了有趣的對比與延伸。一開始明明很浪漫，到底是在哪一步彼此漸行漸遠？關係中那些灰色地帶，在電影中又非常一針見骨的單刀直入，好多段落看完在座位上倒抽一口氣。關於情感的斷裂點都是自以為的灰色，答案再明顯不過。另堅持己見不妥協這點，BC不顧預算的浪漫，對比OC的實際，完全可以成為商業上，獨立店與連鎖店的箇中差異，私廚與連鎖餐廳本來就不該在一種範疇比較，兩人從觀念上的差異、到自尊面上的不認輸，再到誰都不想先放手。為什麼離不了婚？答案其實也不難懂。電影最終的結局將原版的「至死不渝」四字，給了一個我覺得很浪漫的結局。「對的時候與對的人」這種話，關乎時機。時機就是浪漫，電光石火只有一瞬。能永恆的，其實也只有一種方式。
沒好婚姻,Miyuki D,5.0,"很棒的演員卡司 英國影后+奇異博士❤️
相識現相愛相撕的愛情故事😂💯
和有趣的英式風格！好看和喜歡的推
和太真實的共鳴👍🏻✨！！
改編的很棒很喜歡 ❤️🌹推薦
光看2位英國影后視帝的演出真的棒"
沒好婚姻,Lisa,4.5,覺得不錯，思考很多兩個人在一起的問題。
沒好婚姻,Christopher,5.0,"喜歡這種不拖戲的節奏——
有劇情、有亮點，一點都不無聊！
而且看會演戲的演員同台飆戲就是爽！
Olivia Colman 喜劇專門分寸拿捏💯不多不少
搭配班尼迪克很有火花❤️
電影高明之處在於
雖然呈現方式很戲劇化和搞笑
但討論的議題卻是真實世界很多人會遇到的問題
甚至值得二刷！"
沒好婚姻,李昀庭,5.0,好看
出神入化3,菲力,2.5,不能說不好看，只是略感失望，舊騎士在整場戲有點多餘，幾乎沒給他們發揮的空間，讓人懷疑導演跟編劇刻意在賣情懷，殘酷一點的說，感覺像是新騎士踩著舊騎士的肩膀上位@@
出神入化3,昱凱,2.0,"真的是很難看的續集
我也是很欣賞原先的5人組合
但這些知名的5人只在頭尾組合
中間讓這些新人擔任主角
我一度在電影院內睡著
真的不知道編劇為何要做這樣的安排
很無言💤"
出神入化3,雯 ꗯ̤̮ ꗯ꙼̈,2.5,略失望
出神入化3,歐慧玲,2.5,"前半段看到快睡著，好無聊啊～
後半段雖然節奏比較快，也有些魔術手法，但是整體是一集不如一集，應該變不出新花樣了"
出神入化3,陶知☃️,1.5,"很失望的續集，幾乎舊騎士只是配角的感覺
出事都是他們扛⋯新騎士內容佔據了大半
唉再有續集也不會進電影看了"
出神入化3,Andy  彭💫,2.5,不好看！三個男的看到睡著
出神入化3,賣悶,2.5,就真的很普通…覺得何必進電影院的感覺！以上
出神入化3,臻,1.0,一直敘述事情，睡著了，
出神入化3,鄧富元,0.5,實在太尷尬了
出神入化3,Layla,1.0,I nearly dozed off halfway through; the plot was super loose.
出神入化3,James,1.5,第一集 滿新鮮感 不錯看⋯第二⋯覺得普普⋯⋯第三就不會想去看⋯⋯ㄞ
出神入化3,凱鑫企業/玉龍跆拳道 葉佳欣(John),2.5,普普 小失望
出神入化3,🐶葶🐈‍⬛,2.5,嗯⋯真的覺得還好，蠻失望的⋯沒有前兩部精彩
出神入化3,kkkww  Liu,3.0,要推新人來讓ip走遠不反對，可是跟前二集比劇情松散魔術情結都輸前二集太多，真有第四集不會再進電影院觀看了
出神入化3,V,0.5,居然越拍越難看
出神入化3,蘇大雄,2.5,我還是喜歡最初的四騎士
出神入化3,Syuan🐟,4.5,"有種要新舊交替的感覺，但...我還是喜歡原本的五騎士
9分給我喜歡的五騎士"
出神入化3,David Chen,3.5,雖說舊班底有點老化，但還是比新人有魅力
出神入化3,Paul,3.5,中間一度睡著，後來又稍微精彩一點
出神入化3,🙌🙌小董同學👣👣,2.0,真的覺得還好… 舊騎士感覺在這裡面很弱… 感覺是來托舉這些新騎士的…
出神入化3,星默（阿默）,1.5,"劇情超級尬
每個人物的心路歷程推進也是如此"
出神入化3,悅妤Ally☀️,0.5,太尷尬了
出神入化3,Lu子,1.0,超難看⋯⋯⋯⋯⋯
出神入化3,淑慧,4.5,我還是非常喜歡💕只是少了浩克😂
出神入化3,uuu,3.5,頂
出神入化3,戴莉庭,5.0,等好久了，等好久了
出神入化3,周鎮榕,5.0,這一集感覺還可以
出神入化3,𝕄𝕖𝕟𝕘,3.0,就還好
出神入化3,吳穎禛,4.0,"我覺得有看1、2集的話會很喜歡
但如果前面沒看過只看3的話可能會不懂好看在哪裡，可能會覺得就是普通的電影
總之可能不少情懷的成分，但我很喜歡！"
出神入化3,陳怡安,2.5,失望
角頭－鬥陣欸,Yu Jung,0.5,整天拍這種沒素質的爛片 嫌乾哥不夠多就是了 垃圾渣質8+9
角頭－鬥陣欸,全,0.5,"莫名其妙的爛
劇情支離破碎
然後沒有重點
旁邊的看到打呼"
角頭－鬥陣欸,宋家文,0.5,鬼滅之刃才是王道
角頭－鬥陣欸,馮阿凱,0.5,"這麼好看的電影不能只有我看到🤭🤭🤭
結束的時候跟朋友對看 蛤"
角頭－鬥陣欸,小周,0.5,看到3.9分就放心了
角頭－鬥陣欸,李欣欣,1.0,完全不推..我還不如去看蠟筆小新
角頭－鬥陣欸,Sheng,1.5,劇情讓人看不懂..為了王識賢去看的.結果看了個寂寞”
角頭－鬥陣欸,Wen,0.5,"台灣不要老拍黑道片了
完全不想看
是在鼓勵黑社會風氣是不是
不用美化黑道了
黑社會跟89就該被消滅"
角頭－鬥陣欸,ocean,1.5,"少了顏正國的角頭，就是少了一股道地的味道.後續無論角色、劇情 、場景都遠不及角2，甚至落到角1的素質.也讓觀眾無法更融入如電影裡.

系列中經典的角色也慢慢的走鐘，仁哥、阿慶、甚至到了阿標，也無法在讓人津津回味了.

過往看角頭系列，總覺得時間太短看不過癮，還會進戲院二刷、三刷，這集卻讓我看的坐立難安，M的，怎麼還不快點結束.整齣片一個字＂尬＂.
"
角頭－鬥陣欸,雙柴的撿屎官,0.5,看裸體的角頭..難看的台灣電影
角頭－鬥陣欸,123,0.5,這種腦殘西北七的東西竟然還有人會花錢去看⋯😂😂
角頭－鬥陣欸,小四,0.5,"吸毒畫面太多，教壞小朋友
東湊西湊，沒啥劇情"
角頭－鬥陣欸,vivi,0.5,早知道是8+9爛片！還好沒浪費錢去看🤣
角頭－鬥陣欸,緯『老皮』,0.5,奇怪了！這種黑道片到底怎麼過文化部跟拿補助的，政府社會不是都說要消滅黑道，還端出這種東西⋯
角頭－鬥陣欸,梁奕勳,0.5,評價分數很低了！竟然還能登上電影的第二名嗎？背後的黑手作法很糟透了！
角頭－鬥陣欸,奕智,3.0,上一集大橋頭精彩程度讓我更期待這次續集，結果昨天進戲院看完後大失所望，劇情支離破碎，太多角色這邊演一點那邊摸一下，還有一些跟主線無關不知所云的戲碼，流暢度上有很大的瑕疵，部分台詞也是過於重複，像是刻意耍狠而說的「你在教我做事？」應該出現超過4次，越聽越覺得威攝力不夠，最失望的非槍戰戲碼莫屬了，有看電影就知道，看角頭最期待的就是火拼場面，結果大戰那麼莫名開始又莫名結束，開了上百發沒死幾個人，拿槍的魄力輸給拿小刀的，肉搏戲真的好多了，演員們演技都在線沒話說，仍然有把角頭那種口氣呈現出來，這點是最大的優點，除此之外一言難盡…
角頭－鬥陣欸,余瑋翔,0.5,幾年了還是整天在演那些調調不膩嗎？
角頭－鬥陣欸,Terry,0.5,沒質感8+9電影
角頭－鬥陣欸,YO,2.5,"這集角色間的戲份算是平均，沒有誰特別是主角(有啦,黃騰浩多一點點）
   但這集有點為了拍而拍🤪內容滿亂的會有點湊不起來
不過不可否認，角頭人氣一如既往的夯，看電影的人…真的很多！

"
角頭－鬥陣欸,超,0.5,"人家演古惑仔的演員都對社會感到愧疚了
就台灣蠢蛋還在演流氓，是嫌台灣治安還不夠亂嗎？
還自稱角頭宇宙我的老天…🤦‍♂️🤦‍♂️喔對，最不爽的是居然還有盲粉看，狗才會去看"
角頭－鬥陣欸,aron,0.5,我竟然看到睡著了
角頭－鬥陣欸,博博仔(Dou Dou),3.0,原本滿期待的~結果看完覺得普普通通...
角頭－鬥陣欸,RONG,0.5,劇情毫無營養，比寂寞還寂寞。
角頭－鬥陣欸,家福,0.5,猴子看的 可憐
角頭－鬥陣欸,陳彥廷,0.5,爛透了
角頭－鬥陣欸,火星浪,0.5,不值得浪費錢去看的垃圾爛片
角頭－鬥陣欸,Nobody ʚ,0.5,台灣電影只能靠8+9來撐票房，可悲的台灣電影產業！
角頭－鬥陣欸,Kiki子晴🐈‍⬛,1.0,不喜歡
角頭－鬥陣欸,Ζενγκ,1.5,角頭系列最爛的一部😏😏
角頭－鬥陣欸,臺灣讚,0.5,"討厭黑道，89,還有台灣亂源的文化人"
黑白線人,冷,4.5,"這部居然尚無評價
看完咱們的角頭,再看看人家的... 嗯!真的有差🫣
今天臨時起意隨意看,結果卻意外的不錯! 電影有反轉。
權利使人貪婪,這世上沒有絕對的正義,多的是現實面的利益。往往手中握有權力
的人最有選擇權,國家機器/執法單位說穿了也只是表面合法的黑道罷了"
黑白線人,小月,4.0,"昨天去電影院看了，真的覺得很好看
劇情反轉再反轉，很值得去看的一部片"
劇場版『鏈鋸人 蕾潔篇』,Punk,5.0,換了導演的鏈鋸人才是真的鏈鋸人
劇場版『鏈鋸人 蕾潔篇』,苡萱Sharon,4.5,"大概知道鏈鋸人的故事在講什麼，但沒看過動畫，被op和ed燒到所以跑來看劇場版！
整體來說很喜歡，打戲和感情戲都有到位，考慮去二刷"
劇場版『鏈鋸人 蕾潔篇』,zak ss,4.0,還不錯，有瑟瑟的畫面，哈哈
劇場版『鏈鋸人 蕾潔篇』,綠線駕駛,5.0,"看完久久不能自己，歌好聽、電影好看。
把青春的平鋪直述的寫意、還有充滿悖論的色彩感。
真的好愛好愛，我在寫什麼鬼😂
就是⋯⋯太好看啦～
愛死每個爆破與激情
也很愛最後的落寞與悲涼"
劇場版『鏈鋸人 蕾潔篇』,奕智,5.0,強烈推薦一定要進戲院大螢幕觀賞，文戲鋪陳帶入感很強烈，拍的唯美又有藝術感，動作戲更是瘋狂炸裂，好幾幕都挺震撼但又不會太超過，結合各種動作，蕾潔的砰！爆炸完全看不膩，純粹戰鬥爽到爆，本來看漫畫覺得還好，拍成電影後直接起飛，MAPPA真的是神！
劇場版『鏈鋸人 蕾潔篇』,茜🌸あかね Akane🌸✨,5.0,"有始有終
前面甜甜曖昧氛圍
中後段戰鬥場面連發
非常好看！大推"
劇場版『鏈鋸人 蕾潔篇』,Lin,5.0,好看
劇場版『鏈鋸人 蕾潔篇』,KYO,5.0,超過癮的爽片
劇場版『鏈鋸人 蕾潔篇』,KYLE  |  KAIL,5.0,精彩好看，看完心真的被蕾潔奪走了🥹
劇場版『鏈鋸人 蕾潔篇』,楚,5.0,"明明知道你在騙我 但是你教我的都是真的 已暈 🫠
OP ED 很棒 打戲更不用說
三個願望一次滿足 還不去戲院支持？"
劇場版『鏈鋸人 蕾潔篇』,阿文,5.0,看午夜場。打鬥粉熱血。有劇情。有感動。有刺激。好看
劇場版『鏈鋸人 蕾潔篇』,Fu Jie,5.0,前面夏日戀愛氛圍的鋪程，後面大膽瘋狂的打鬥反轉，讓人看了很爽、很滿足！
劇場版『鏈鋸人 蕾潔篇』,江侑蓁ᗦ↞◃,4.0,浪漫死 不否認藤本樹又要再挖一次大家的錢包 但終於有個人想要電次的心真是感動
劇場版『鏈鋸人 蕾潔篇』,張弘Jerry,4.5,我的心已經被蕾潔奪走了
劇場版『鏈鋸人 蕾潔篇』,Hong 浤,4.5,前面敘述蠻平順的，突然親下去後面節奏一轉打鬥緊湊好看 愛上 蕾潔與炸彈惡魔了
劇場版『鏈鋸人 蕾潔篇』,夏特,5.0,很可以
劇場版『鏈鋸人 蕾潔篇』,錫甫,5.0,真的很棒
劇場版『鏈鋸人 蕾潔篇』,滕BAI LING,5.0,蕾潔…❤️
劇場版『鏈鋸人 蕾潔篇』,BrooklynNY,5.0,這次劇場版比2022年的動畫好很多，但我最喜歡的是整部電影的音樂，有米津玄師自編、自唱的片頭曲＋片尾曲（片尾找了宇多田光一起唱，超好聽），還有整部戲的配樂、音效都很棒。
劇場版『鏈鋸人 蕾潔篇』,CM (綺湄),5.0,真的需要大螢幕看！！！已經三刷還四刷忘記了，節奏與風格非常爽快，文戲打戲都不落俗套，Mappa跟導演都超級神，OPED攜手米津玄師跟宇多田光兩大重磅，片內音效是牛尾憲輔，隱藏版音樂惡魔！！！OST在YT上已經有了，超級喜歡的
劇場版『鏈鋸人 蕾潔篇』,捷,5.0,見不到最後一面 可憐的雷潔
劇場版『鏈鋸人 蕾潔篇』,Sidekick,5.0,絕對值得進電影院看的
劇場版『鏈鋸人 蕾潔篇』,云云云,4.5,音樂和打鬥的場面配的很夠味，最後留下一陣感傷
劇場版『鏈鋸人 蕾潔篇』,Eric,4.5,「其實...我也沒上過學...」然後就淚崩了...
劇場版『鏈鋸人 蕾潔篇』,Ze,5.0,超愛超甜
劇場版『鏈鋸人 蕾潔篇』,有禮貓,4.5,結合藝術與武打的精彩動畫
劇場版『鏈鋸人 蕾潔篇』,Ken Yu,4.5,超級好看，推爆🤘
劇場版『鏈鋸人 蕾潔篇』,Jessica 嘉芳,4.5,超好看
劇場版『鏈鋸人 蕾潔篇』,林承信,5.0,超過一百分
劇場版『鏈鋸人 蕾潔篇』,Kyle凱,5.0,好看
換乘真愛,雅雅Sara,5.0,打發時間看的電影，沒想到哭到不行。真愛不只是多巴胺滿溢的化學反應，那種願意捨己，可以在他身邊很心安很開心的愛更是珍貴。
換乘真愛,余百葳,5.0,好好看
換乘真愛,內湖地縛靈,5.0,有夠好看！！前半很多對話都很幽默一直戳到我笑點，不過突然又會被感動到哭出來，大半夜去看這部超值得👍 很喜歡裡面有個設定是說你死後的外表是依據你認為「人生最開心」的時候，不知道我死掉後覺得最好的時光是什麼時候呢？
換乘真愛,提姆叔叔,4.5,"其實劇本可以很深刻，但我知道太高端的劇本會導致票房不佳，
在搞笑中，反覆討論要選擇美好的真愛還是長年陪伴的老公，
最後也真的做出選擇，很有意義的片，冷門佳片"
換乘真愛,高舒良,4.5,不錯的故事情節，值得一看!
換乘真愛,Elaine,5.0,好看感人！
換乘真愛,培根,3.5,soso
換乘真愛,Johnson,5.0,感動死
換乘真愛,Tao,5.0,好看又好笑又感人
換乘真愛,🌉 Linda 💛 😽,5.0,美好之所以美好，是因為會有結束的一天。
換乘真愛,Hong Ada,5.0,題材很棒的冷門片，前面有趣好笑，後面感動到泛淚，真愛不是ㄧ定要在ㄧ起，而是願意讓你去幸福的地方。
換乘真愛,荳荳,4.5,"超感人，很喜歡女主角❤️
最偉大的愛莫過於彼此扶持
一起走過柴米油鹽醬醋茶"
8號出口,Yunchu,5.0,"一部耐人尋味的電影
二宮和也演得很棒！"
8號出口,Lisa,3.5,場景就是不斷輪迴，但是會有懸疑恐怖未知數的感覺，個人覺得不到很精彩，但是會讓你想繼續看下去，到底發生什麼事？也有密室逃脫的感覺。
8號出口,路仁甲乙丙丁,3.5,聽同事說他看的時候，遇到一個老人看還沒一半就森七七跑掉，嘴裡還念念有詞說沒白痴看了也變白痴，我感覺是沒這麼糟糕，只是覺得想像空間太大，有時候會覺得有點莫名...
8號出口,WU,4.0,很適合日本人個性 面對自身恐懼 才能看到真我。前面鋪陳我覺得太長 不然應該會更好
8號出口,陳溫蒂,4.5,很有深度的電影
8號出口,周鶴樺,3.0,為了贈品而進場，不過主題還蠻有趣的
8號出口,老爹爹,4.0,"人生沒有重來鍵
但如果有機會重新選擇的話
是否會有不同的結果
這部片感覺是在不斷的重複、試錯之中
尋找自我救贖的故事
8或許代表莫比烏斯環
在無窮的輪迴之中
找到修正過去錯誤的方法
而且電影最後那幕
配合這幾天花蓮的新聞
讓人特別的有感觸"
8號出口,吳名示,4.5,強烈推薦進電影院感受音效與大畫面，還有黑漆漆的面對自己
8號出口,Iv.S,5.0,其實蠻好看，沒有太多的內心戲，沒有小題大作的灑狗血，用地下道的奇特現象來表達每個人現實面臨的窘境。
8號出口,Andy（台南安哥）,5.0,"#8號出口 還不錯看
很像玩 #解謎遊戲 #密室逃脫
（本來就是遊戲改編真人化）"
8號出口,吸血鬼為什麼不吃辣,4.0,"劇情以無法走出的八號出口為背景
 猶豫的情緒 走不出去的出口 
把未婚生育、父權等當代日本社會的議題都融入場景中， 相當有意思
和遊戲相比，可以看出導演編劇的巧思
不僅僅是一部恐怖片而已"
8號出口,王于嘉 唷嘎('◉⌓◉’),4.5,很好看
8號出口,粉紅,2.5,"整部電影有點沉悶
然後節奏不快
感覺想表達很多人生議題（？
看完會有點暈 想吐"
8號出口,依瞬,4.5,"抱著懸疑推理的想法去看8號出口，雖然可以說一直都在重複尋找異變尋找出口的動作，但中間穿插各類的故事使劇情有起伏不至於覺得無聊。
沒想到的是竟然會因為其中一段劇情感動落淚。
覺得這是一部很有意義的片子。（純粹是個人的想法。）
在人生的道路上感到迷惘時，試著提起勇氣，或許能迎來不一樣的自己。"
8號出口,樺,2.0,"表現手法太深奧
無聊到想睡"
8號出口,佛主開示,3.5,"剛看完《8號出口》，分享一下心得
如果你還年輕、或是人生經驗不多，可能會覺得這部片很無聊甚至無趣、不知道到底在演什麼...
但其實，它是一部很深的電影。導演用簡單的場景和人物，把「人生」做了個映照。
8：代表無限循環，也就是「輪迴」。
出口：不是結束，而是下一次循環的開始。
走道：就是我們的人生過程。
片中角色也象徵著不同的狀態：
主角：你我他，大家每個人。
大叔：迷失方向的人。
女高中生：行屍走肉般過日子的人。
小孩：心中的純真與錨點。
而那些異變與數字，則是人生中的劫難與尋找自我的過程。
這不只是電影，更像一面包裝成驚悚片的鏡子。
每一段路、每一個人、每一次劫難，都是下一個出口前的必經過程。
有鑑於寓意實在深刻，但是片子確實不夠緊湊，算是一個不錯的小品佳作"
左撇子女孩,ben,2.0,金馬獎最愛的小成本家庭片，片中外婆的演技是嚴重敗筆
左撇子女孩,TSMC 腕龍,2.0,好多影評說好看所以去看，結果好失望
左撇子女孩,咪咪子,1.0,應該有其他更優秀能代表台灣去奧斯卡的片才是。
左撇子女孩,王小福,2.5,沒劇情，就是演一個把生活過很慘的家庭的日常生活而已，最後的爆點就是小女孩的身分，要不是演員顏值在線 ，真看不下去
左撇子女孩,Geoffrey,4.5,「這是你自己的手。」
左撇子女孩,momo lin,3.5,有夠悲傷的故事，底層社會寫實。看完心情很沈重。
左撇子女孩,Eric Lin,5.0,好看！平實的故事，但很流暢，情感自然到位，敘述功力很強！演員們都好棒，有特色，表現自然出色，場景光線充分表現台灣特色，但都很美～平實卻不會讓人昏沉想睡，太厲害了！很愛！！！希望能代表台灣拿奧斯卡！！！加油111
左撇子女孩,Yiwen,5.0,感動！值得鼓勵！
左撇子女孩,Willie,5.0,影片的flow很流暢，寫實的敘事手法相當純熟，小女孩演得很自然，很好的作品
左撇子女孩,荳荳,5.0,"寫實的人生，姐妹兩演技真好❤️讓人心疼
後面有貓膩，恍然大悟。
原生家庭的影響，社會生存的不易，重男輕女觀念，小孩是一張白紙，教養很重要‼️
面對現實，勇敢向前。💪"
左撇子女孩,宋家文,5.0,夜市真實寫照，有歡笑、有淚水
左撇子女孩,CHARLIE 陳立豪,5.0,"好電影，女兒們演的真好
小女孩太可爱"
左撇子女孩,Matt Chen,4.5,"前段臨演雖然都還是不少瑕疵
但瑕不掩瑜
隨著故事推進越來越好看
跟 Sean Baker 的作品一樣
故事堆疊效果十足
有衝突、有淚水、有幸福"
左撇子女孩,昱凱,5.0,"果真是代表台灣參加明年的奧斯卡獎的作品
以夜市題材將你我生活的題材充份展現
尤其這兩位素人姐妹花的表現
和專業演員相比毫不遜色
是一部適合闔家觀賞的好片！"
左撇子女孩,廖克軒,5.0,"非常好看
故事順暢不拖泥帶水
主力演員功力到位
輔助角色也都幫助觀眾可以帶入情緒
推！"
左撇子女孩,絲絲楊,4.5,故事流暢，看完心情會很好，這部片是2026台灣奧斯卡代表！！！真的值得揚名國際！！
自殺通告,Alice Hsu,4.0,票房好像不太好，不過我覺得好看！看完說不出話，有後勁，也讓我紅了眼眶！有些鋪陳爲了戲劇張力與效果，可能誇張了些。故事整體還算流暢，但，好想知道除了升學，有沒有暗喻什麼呢？
自殺通告,依,1.0,"誤導專注力不足過動症的安全用藥
搞得好像過動症的藥是毒品一樣"
自殺通告,黃森輝,3.0,黃秋生也老了
自殺通告,黃梓瑤,5.0,還可以
自殺通告,Guan,4.5,電影從教育體制的成績比較，延伸至社會體制框架之議題。無論你是誰、處於什麼身份地位，都非常推薦進戲院去觀賞，這部電影能讓人有許多不同視角的思考與探討。
自殺通告,Chi,5.0,影片開場氣勢很強；題材乍看很像日本或韓國片，但其實有走出自己的風格。雖然討論的是教育體制，但放在社會體制思考也很有意思。很推薦的片！
自殺通告,路仁甲乙丙丁,4.0,沉重的議題，值得社會省思。劇情還行，有點致鬱。
自殺通告,Ivy,4.0,單一的評核，不擇手段達到目的是否就是唯一選擇，人的多樣性是否就不能容於社會，我們有什麼選擇？電影很流暢緊湊，一直牽著情緒，很有共鳴。
自殺通告,酋長,4.0,"裡面內容值得人深思：
人活著的意義是什麼？"
自殺通告,呂昕忞,5.0,其實蠻好看的，雖然可能跟真實情況有點落差，但故事裡面角色都呈現出自己的掙扎，都是這個體制下的受害者與加害者，可惜場次跟聲量太少了，是值得看的電影
自殺通告,Ken 🌈,5.0,Taiwan can help🤣🤣🤣🤣🤣🤣🤣🤣🤣
自殺通告,Ken ☕,5.0,Taiwan can help🤣🤣🤣🤣🤣🤣🤣🤣🤣
空之境界劇場版：第一章 俯瞰風景,郭小十,5.0,"讀書時的神作搬上大銀幕了! 肯定要支持啊! 梶浦由記的音樂在戲院聽, 真的很棒!"
空之境界劇場版：第一章 俯瞰風景,嚴心妤 Hailey,5.0,能看到這個神作在台灣大銀幕上映，真是太幸福了
空之境界劇場版：第一章 俯瞰風景,yoyo lin,5.0,一直有聽說這部很神 終於能看了！
空之境界劇場版：第一章 俯瞰風景,Yuzu Chen,5.0,畫風細膩配樂動聽的日式動漫！
空之境界劇場版：第一章 俯瞰風景,小賓OR小沈,5.0,日本動漫電影製作精良，而且故事發人深醒，真的很值得一看
空之境界劇場版：第一章 俯瞰風景,Anita Liu,5.0,日本的動畫一直都很推薦，期待去看這部電影的劇情了呀！
空之境界劇場版：第一章 俯瞰風景,耘娸,5.0,必須配哈根達斯看阿...
空之境界劇場版：第一章 俯瞰風景,鈺婕,5.0,"終於等到臺灣上映了！這部每年都要重看一遍，好期待接下來陸續上映的其他幾部
唯一可惜的是，電影的畫質一言難盡……"
空之境界劇場版：第一章 俯瞰風景,Toby,5.0,等了好久 終於有機會在大螢幕上看空之境界了qq
空之境界劇場版：第一章 俯瞰風景,盈妤,5.0,👍👍👍
空之境界劇場版：第一章 俯瞰風景,朱庭萱 Kaya,5.0,文！藝！復！興！
空之境界劇場版：第一章 俯瞰風景,Sid,5.0,😀
空之境界劇場版：第一章 俯瞰風景,Erin 楊于萱,5.0,好經典👍
空之境界劇場版：第一章 俯瞰風景,WANDA LI,5.0,這部以冷峻的節奏展開序章，結合超自然能力與都市懸案，營造出獨特的神秘氛圍。畫面質感強烈，配樂更提升整體沉浸感。雖然敘事較為克制、節奏偏慢，但成功建立了系列世界觀的基底，適合喜歡思考角色內心與氛圍敘事的觀眾。
空之境界劇場版：第一章 俯瞰風景,Allen Huang,5.0,空之境界以濃厚的氛圍與節制的節奏，帶出原作特有的陰鬱與神秘感。儘管片長僅約 50 分鐘，但在視覺表現上極具質感，城市夜景、墜樓事件與式的對峙場面都呈現得相當到位。故事主要聚焦在角色關係與事件氛圍的鋪陳，對不了解原作的觀眾而言可能略顯抽象，但仍能感受到作品獨有的冷冽魅力。整體來說，本作以精緻的動畫品質與強烈風格成功奠定系列基調，是適合喜歡懸疑、超自然題材觀眾的入門章節。
空之境界劇場版：第一章 俯瞰風景,吳玉麟,5.0,進戲院大螢幕欣賞才有感
空之境界劇場版：第一章 俯瞰風景,Rocky阿狗咪歌王-俊智Y(^_^)Y,5.0,哇，出OVA電影版了，當然要看一下啊，第一章，衝啊～(˶‾᷄ ⁻̫ ‾᷅˵)
空之境界劇場版：第一章 俯瞰風景,Zack,5.0,相當好看的動畫片，加上特殊劇情安排以及動聽配樂，很值得去戲院觀賞
空之境界劇場版：第一章 俯瞰風景,Uni,5.0,值得一看
空之境界劇場版：第一章 俯瞰風景,凡所有相  皆是虛妄,5.0,👍
空之境界劇場版：第一章 俯瞰風景,BEN-Z,4.5,讚讚
佛萊迪餐館之五夜驚魂2,荳荳,4.0,"有看第一集，覺得第一集玩偶比較小兒科
這次第二集感覺有進化，有科技感，拉線人偶附身也是很驚悚😱😱
不會血腥，就是劇情跟驚悚、音效嚇人而已
有看第一集的一定要看喔！伏筆有第三集
兩個彩蛋🫠"
佛萊迪餐館之五夜驚魂2,阿文,4.0,不錯看還可以
佛萊迪餐館之五夜驚魂2,はるか 小遙,3.5,還不錯看，看樣子還有續集
佛萊迪餐館之五夜驚魂2,陳瑋毅,3.5,"很恐佈、很驚悚,還蠻好看的,後面還有續集,還會有第3集我一定會看的！😊😊😊"
佛萊迪餐館之五夜驚魂2,李佳佳,2.5,看完 覺得暈
佛萊迪餐館之五夜驚魂2,宋家文,0.5,完全不合理劇情，失望，續集總是很差的。
眾生相,"可可(田田,CoCoSaBa,Rent)",5.0,發人省思
眾生相,star,2.5,原本期待某段看有些失望
眾生相,ben,1.0,台灣評審最愛的黑白藝術片
玩命中繼站,Jules Chu,5.0,這部片真的出乎意料的好看！ 它不只是單純的特務或犯罪片，劇情超緊湊又燒腦，會讓你一路猜到底。主角的心境轉折很棒，看他如何在壓力下掙扎和反抗，真的會替他捏一把冷汗。節奏快到不行，幾乎沒有冷場，動作場面也設計得很到位。總之，如果你喜歡那種高智商、懸疑感重又帶點哲學思考的電影，大推！ 絕對值得進戲院體驗那個氛圍！
玩命中繼站,嚴心妤 Hailey,5.0,非常好看 懷疑刺激，這職業很有趣很特別，最後的反轉完全沒猜到，很厲害的一部電影
玩命中繼站,yoyo lin,5.0,比想像的好看～
玩命中繼站,WANDA LI,5.0,玩命中繼站外表毫不起眼，卻是一部完全靠劇本取勝的懸疑片。透過高度匿名的主角設定，把權力不對等、監控與反制玩出新意，前半段精巧、後半段緊繃，資源不多卻拍得細緻，是被低估的佳作。
玩命中繼站,吳玉麟,5.0,非常推薦的一部電影，刺激無冷場。
玩命中繼站,Erin 楊于萱,5.0,好燒腦刺激👍
玩命中繼站,Agoda,3.0,"劇情片，被 捍衛任務團隊 這句話
有點被騙了 哈哈哈
悶悶的一部
不會難看 就是悶悶"
玩命中繼站,郭小十,4.5,劇情比想像中的好看! 就喜歡這種劇情反轉又合理的片!
玩命中繼站,Rocky阿狗咪歌王-俊智Y(^_^)Y,5.0,還不錯看歐，喜愛槍林彈火的朋友們可以進場觀看🐶🐶🐶
玩命中繼站,BEN-Z,5.0,讚
玩命中繼站,凡所有相  皆是虛妄,5.0,👍
玩命中繼站,小帥,4.0,非常不錯的一部電影
玩命中繼站,出薩比,5.0,我喜歡在看一次
玩命中繼站,阿迪达斯,4.5,第一次看到
玩命中繼站,皮丘,4.5,很棒
玩命中繼站,吃啥啊,4.5,好看好看
玩命中繼站,Uni,5.0,值得一看
玩命中繼站,上飞机盗号,4.0,很不錯
玩命中繼站,李佳琪,4.0,很不錯
玩命中繼站,林建宏,4.0,好看
玩命中繼站,張文憲,4.5,好看 會想繼續看
玩命中繼站, 董事长,5.0,值得一看
玩命中繼站,林偉豪,4.5,很棒
玩命中繼站,阿荃(Dora),5.0,刺激好看
玩命中繼站,Di萩Na,4.5,剛看時，體會不到好看的點，但隨著劇情越往後，才體會出精彩之處。
玩命中繼站,盈妤,5.0,👍👍👍
玩命中繼站,Corrine🐒,4.5,局中局另人意想不到，好看👍
玩命中繼站,蔡光倫 Ron,5.0,真的好好看
玩命中繼站,捷,4.5,局中局
玩命中繼站,歐巴,5.0,意外好看耶
哈囉！萌鬼屋2：三生三世,WANDA LI,5.0,哈囉！萌鬼屋2：三生三世延續前作的可愛幽默，結合跨越三世的愛情設定，讓笑點與感動並行。Bow一人多造型亮眼吸睛，穿梭泰國歷史背景增添新鮮感，是一部輕鬆又暖心的續集作品。
哈囉！萌鬼屋2：三生三世,Anita Liu,5.0,搞笑泰國恐怖電影，帶著前世今生的穿越劇情，想必笑到肚子痛啊！
哈囉！萌鬼屋2：三生三世,李志忠,5.0,女主角可愛、男主角帥氣，劇情好笑又有趣，看的神清氣爽好開心。
哈囉！萌鬼屋2：三生三世,吳玉麟,5.0,很棒的結局，這才是泰國電影。
哈囉！萌鬼屋2：三生三世,Zack,5.0,幽默的劇情加上男女主角精彩的演技，絕對是必不可錯過的好電影
哈囉！萌鬼屋2：三生三世,小賓OR小沈,5.0,這部電影又恐怖又好笑，但是浪漫的愛情 又讓人感動到想落淚
哈囉！萌鬼屋2：三生三世,Miyuki D,5.0,"好看、又好笑又哭及很棒的結局
有幾段笑瘋✨和眼睛發亮✨
2 接著 1 的故事 👍🏻🎬 （推）
說是恐怖電影但其實是部因果輪迴
三世緣份+ 愛情故事！！💕👍🏻
有緣不管幾世還是會相遇！（應該）"
哈囉！萌鬼屋2：三生三世,蔡光倫 Ron,5.0,笑著浪漫！
哈囉！萌鬼屋2：三生三世,Lisa Lu,5.0,很不一樣的泰片
哈囉！萌鬼屋2：三生三世,Sid,5.0,😀
哈囉！萌鬼屋2：三生三世,Erin 楊于萱,5.0,好有趣👍
哈囉！萌鬼屋2：三生三世,yoyo lin,5.0,很可愛的電影～
哈囉！萌鬼屋2：三生三世,Yuzu Chen,5.0,包裹愛情糖衣的浪漫恐怖喜劇！
哈囉！萌鬼屋2：三生三世,Rocky阿狗咪歌王-俊智Y(^_^)Y,5.0,前陣子才剛導入第一部，這次第二部也來了，哈哈😆算是一種搞笑的恐怖片啦～
哈囉！萌鬼屋2：三生三世,凡所有相  皆是虛妄,5.0,👍
哈囉！萌鬼屋2：三生三世,盈妤,5.0,👍👍👍
哈囉！萌鬼屋2：三生三世,Uni,5.0,值得一看
哈囉！萌鬼屋2：三生三世,邱世翔,5.0,好看
哈囉！萌鬼屋2：三生三世,林建宏,4.5,超讚
哈囉！萌鬼屋2：三生三世,郭小十,5.0,"好久沒看泰國搞笑鬼片了, 果然沒有失望"
哈囉！萌鬼屋2：三生三世,Jules Chu,5.0,一部充滿幽默與感動的動畫電影。故事延續了第一部的情節，角色們在面對新挑戰時展現了勇氣和智慧。影片中友誼的主題深入人心，讓人感受到團隊合作的重要性。角色之間的互動幽默而真摯，增添了許多輕鬆的氛圍。整體而言，這部電影不僅適合孩子，對於成年人也有深刻的啟發，值得一看！
驅魔編年史：起源之戰,郭小十,4.5,想看!!!
驅魔編年史：起源之戰,粉紅,5.0,"超好看的！
世界觀感覺很宏偉
引用的一些宗教文化很深
而且感覺後續會有其他續集 大推！
準備去找小說出來看了！"
電影版小林家的龍女僕：害怕寂寞的龍,梁奕勳,5.0,"感謝威秀影城取得了放映東映電影的。
好好珍惜看可愛的動畫電影，小康娜！"
電影版小林家的龍女僕：害怕寂寞的龍,Tsai Brian (蔡孟臻),5.0,超好看
電影版小林家的龍女僕：害怕寂寞的龍,青峰,5.0,等了好多年終於等到了而且沒有讓我失望真的是超好看的！超愛！
電影版小林家的龍女僕：害怕寂寞的龍,陳思妏,5.0,"康娜醬好可愛
小林妳真的好帥！"
電影版小林家的龍女僕：害怕寂寞的龍,志銘,5.0,好看無需多言
電影版小林家的龍女僕：害怕寂寞的龍,L.Y.Z,5.0,💯
電影版小林家的龍女僕：害怕寂寞的龍,Feng-Lin,5.0,好看 爸爸是大壞蛋小林是大好人
電影版小林家的龍女僕：害怕寂寞的龍,硯翔,5.0,非常好看！！！
醜得要命,Sunny嘟嘟,4.0,人總是容易流於人云亦云的刻版印象，想知道到底有多醜？看完就知道為何片名叫醜得要命了～😭
劇場版 咒術迴戰 澀谷事變 x 死滅迴游 先行上映,宇文拓,4.5,建議看過前幾季再來欣賞，後面3分之1的純愛戰士戰鬥才是精彩😁
劇場版 咒術迴戰 澀谷事變 x 死滅迴游 先行上映,o(^▽^)o,5.0,"超級無敵好看的！！
《specialz》真的很好聽😭"
劇場版 咒術迴戰 澀谷事變 x 死滅迴游 先行上映,昱倫,5.0,蠻不錯的
鋼琴家們的秘密煉金術,J,5.0,含金量大，學琴者必看
鋼琴家們的秘密煉金術,MCT,5.0,"Can learn many things from this documentary
A must watch for anyone that loves music"
康斯坦汀：驅魔神探(4K數位修復版),Chi,5.0,沒想到有生之年還能看到這部片上大螢幕，而且這幾天西門國賓戲院還開了巨幕廳播放。這20年前的片，現在看來特效還是完全沒輸。而且大螢幕看和電視上感受完全不同，音響也讚，基努李維顏值巔峰完全制霸。昨晚看完覺得此生已無憾！（有送海報～）
康斯坦汀：驅魔神探(4K數位修復版),卡皮光,5.0,基哥永遠帥氣
康斯坦汀：驅魔神探(4K數位修復版),謝羽毛,5.0,經典
康斯坦汀：驅魔神探(4K數位修復版),路仁甲乙丙丁,4.5,還蠻不錯的，竟然拖這麼久才要拍續集！
康斯坦汀：驅魔神探(4K數位修復版),楊德祥,5.0,神作，百看不厭。每個人物設定，真的是鮮明演出，過目後，忘不了劇中的角色。
康斯坦汀：驅魔神探(4K數位修復版),李素珠,5.0,讚！讚！讚！超喜歡這部電影！一直等續集
康斯坦汀：驅魔神探(4K數位修復版),劉亘亘,5.0,難以超越的經典之作！
康斯坦汀：驅魔神探(4K數位修復版),陳建男（岑晏爸爸）,5.0,讚👍
康斯坦汀：驅魔神探(4K數位修復版),C.C.H,5.0,今年重看了好幾幾次
康斯坦汀：驅魔神探(4K數位修復版),sevia wang仔仔,5.0,基努里維的神作，尤其手持十字架用拉丁文驅鬼時真帥
康斯坦汀：驅魔神探(4K數位修復版),小芳（Austin),5.0,這是一定要的啦！
康斯坦汀：驅魔神探(4K數位修復版),kenny,5.0,👍
康斯坦汀：驅魔神探(4K數位修復版),不明的用戶,5.0,二十年了
康斯坦汀：驅魔神探(4K數位修復版),周鎮榕,4.5,大螢幕就是臨場十足
康斯坦汀：驅魔神探(4K數位修復版),柴克Zac,5.0,基努李維真的很帥
康斯坦汀：驅魔神探(4K數位修復版),馬西,5.0,"還得是基哥演的才對味
期待第二集"
康斯坦汀：驅魔神探(4K數位修復版),亭秀🦋,5.0,小時候只在電視上看過🥹沒想到竟然可以在電影院看🥺基努李維實在太帥了！！😭大家的演技、特效也都超讚！完全不輸現在的電影✨✨
康斯坦汀：驅魔神探(4K數位修復版),大中天,5.0,好帥好帥，基哥真的有夠帥。
康斯坦汀：驅魔神探(4K數位修復版),蘇柏杰(永恆),5.0,恩恩真的棒棒
康斯坦汀：驅魔神探(4K數位修復版),馮林蓁,5.0,好看
康斯坦汀：驅魔神探(4K數位修復版),林子鳳,5.0,驅魔警探續集嗎？
康斯坦汀：驅魔神探(4K數位修復版),易文淨,5.0,林正英好像也有演
康斯坦汀：驅魔神探(4K數位修復版),幸福感,5.0,跟逃學威龍一樣好看
康斯坦汀：驅魔神探(4K數位修復版),譚昌歧,5.0,他演不可能的任務也很好看
康斯坦汀：驅魔神探(4K數位修復版),不明的用戶,5.0,駭客系列也很棒
康斯坦汀：驅魔神探(4K數位修復版),易宜鋆,5.0,老片不敗
康斯坦汀：驅魔神探(4K數位修復版),錢嘉育,5.0,永遠支持基佬
康斯坦汀：驅魔神探(4K數位修復版),韋雅青,5.0,不老男神
康斯坦汀：驅魔神探(4K數位修復版),藍雲曉,5.0,棒極了
康斯坦汀：驅魔神探(4K數位修復版),邱一祥,5.0,老片好看
我才不要和你做朋友呢,滴滴滴,2.5,頂
穆荷蘭大道(4K數位修復版),朱庭萱 Kaya,5.0,大衛林區真的不是一般人，腦中世界超精彩，幸好有來補上經典！
穆荷蘭大道(4K數位修復版),Sen,5.0,衝著修復版重溫 結局更是令人回味再三強調 整體而言 算是一部充滿詩意與恐懼的電影 值得細細品味
穆荷蘭大道(4K數位修復版),嚴心妤 Hailey,5.0,這種神片要再次上映了，沒剛看過的人也太幸福了，值得一看再看的好片
穆荷蘭大道(4K數位修復版),Zack,5.0,經典作品超好看，值得去戲院欣賞，加上大咖明星出演千萬不可錯過
穆荷蘭大道(4K數位修復版),Anita Liu,5.0,國際得獎的大片，雖然沒有聽過片名，也想去朝聖看一下
穆荷蘭大道(4K數位修復版),Allen Huang,5.0,穆荷蘭大道是一部充滿神秘與超現實色彩的電影，由大衛·林區執導。故事圍繞著一位懷抱夢想的年輕演員與一名失憶女子在洛杉磯展開的錯綜複雜旅程。電影採用碎片化敘事與夢境般的氛圍，營造出令人迷惑又著迷的觀影體驗。劇情層層遞進，虛實交錯，帶領觀眾逐步揭開好萊塢表象下的黑暗與幻滅。演員表現出色，氣氛營造極具張力，但非線性敘事可能讓部分觀眾感到困惑。這是一部需要耐心與反覆思考的作品，適合喜歡心理驚悚與隱喻深刻電影的觀眾。
穆荷蘭大道(4K數位修復版),Shu Chi  Tsai,3.5,"看完電影。會讓人覺得裡面的演員，都同時扮演不同的角色。

演員現在扮演A角色，下一步又改換成B角色。

會讓人無法掌握劇情真假，電影真正想表達的內容是什麼？"
穆荷蘭大道(4K數位修復版),姍姍,5.0,很經典的電影劇作，自己特別喜歡，能在大螢幕看的到真的很棒
穆荷蘭大道(4K數位修復版),William 黃衍方,5.0,神作就是要在大銀幕看
穆荷蘭大道(4K數位修復版),WANDA LI,5.0,穆荷蘭大道就像一場夢，剛開始以為自己懂了，結果越看越迷失，最後只能接受「不懂才是懂」的境界。藍盒子一開，現實崩壞，女主角180度大變身，還有那位讓人心裡發寒的黑影乞丐……大衛林區這次又成功燒壞大家的腦！
穆荷蘭大道(4K數位修復版),Sid,5.0,😀
穆荷蘭大道(4K數位修復版),曉君,5.0,經典作品好看。
穆荷蘭大道(4K數位修復版),Sharon,5.0,神作！小時候看就是「我看不懂，但我大受震撼」，這次重映再看還是覺得好厲害！真的人生必看
穆荷蘭大道(4K數位修復版),小R*♬೨̣̥,5.0,👍
穆荷蘭大道(4K數位修復版),蔡心地,5.0,👍👍
穆荷蘭大道(4K數位修復版),盈妤,5.0,👍
穆荷蘭大道(4K數位修復版),あ み,5.0,👍🏽
穆荷蘭大道(4K數位修復版),璽恩⸜( ˶'﹃'˶)⸝,5.0,太經典了!!!!!!!!!!!!!!!
穆荷蘭大道(4K數位修復版),岳谷,5.0,經典電影
穆荷蘭大道(4K數位修復版),Naomi🌾柚,5.0,經典好片
穆荷蘭大道(4K數位修復版),蕭姿俞,5.0,我覺得蠻好看的
穆荷蘭大道(4K數位修復版),Lisa Lu,5.0,好看
穆荷蘭大道(4K數位修復版),凡所有相  皆是虛妄,5.0,👍
穆荷蘭大道(4K數位修復版),Samantha🌙,5.0,讚!!
穆荷蘭大道(4K數位修復版),BEN-Z,5.0,讚
穆荷蘭大道(4K數位修復版),嘉珍 Jasmine,5.0,久仰的經典片重新上院線，很喜歡～
穆荷蘭大道(4K數位修復版),Lily Peng 莉莉,5.0,👍😃😃
穆荷蘭大道(4K數位修復版),Erin 楊于萱,5.0,👍👍👍
穆荷蘭大道(4K數位修復版),彭艾迪,5.0,好經典的作品，沒想到可以在大銀幕上欣賞到，非常推薦進戲院觀賞
穆荷蘭大道(4K數位修復版),不明的用戶,5.0,超級期待這部BBC評選21世紀百大電影第1名的影片！衝啦
<文溫德斯4K經典影展>我的完美日常,Carol,5.0,{ 下次是下次，現在是現在 } 不要總是想著下次如何，現在就去看一部好看的電影吧！裡面的音樂很好聽，光影很療癒，每天的日常就是一種平淡而雋永的幸福。每個世界不見得能相連在一起，但至少可以共有片刻温暖的微笑。
<文溫德斯4K經典影展>我的完美日常,芳任,5.0,很喜歡溫柔細膩的刻畫每一個日常，人生必看電影！
<文溫德斯4K經典影展>我的完美日常,Allen,3.5,這部電影描述了一位公廁清潔員平山的日常生活，展現了日常生活中的美好和不完美。通過對平凡日常的不同視角和人際互動，傳達了工作態度和生活態度的重要性。這是一部療癒心靈的電影，帶給觀眾日本精神的深刻感受。完整心得請見IG>>>@allenmovienote
<文溫德斯4K經典影展>我的完美日常,Reina Sato,5.0,"朋友推薦說是療癒的電影就來了，看完整個被役所廣司的演技驚艷到，表情細膩、情緒張力都非常到位，尤其片尾的長時間的特寫，那個表情真的太厲害.....頓時明白影帝獲獎的理由😂 

掃廁所不完美，但廁所依舊能掃得很完美，生活中的許多意外雖然劃破了男主角原先的完美，但在我看來這些才是堆疊出生活豐富度的真正完美～"
<文溫德斯4K經典影展>我的完美日常,王文欣,5.0,細膩的電影畫面，純粹的人物刻畫，非常有味道的音樂。
<文溫德斯4K經典影展>我的完美日常,YoYo 姚亞敏,5.0,Great 👍!!
<文溫德斯4K經典影展>我的完美日常,Yiwen,5.0,Perfect!
<文溫德斯4K經典影展>我的完美日常,中信證創投 楊育秦,4.5,值得一看的好電影！
<文溫德斯4K經典影展>我的完美日常,陳奕帆,5.0,"最先讓我認識文・溫德斯的作品是《我的完美日常》。 那優美的鏡頭語言、細膩的人物刻畫、精煉的對白，一點一滴勾勒出「完美日常」，讓我深深沉浸其中。
特別是那些日復一日、不經意滲透進生活的聲音——清晨神社掃地時竹掃帚輕拂石板的沙沙聲、洗漱聲、翻閱書頁的輕響、便利商店自動門的提示音，甚至是樹葉隨風搖曳的呢喃。這些細碎的聲音組成了一種生活的節奏，讓我們更能跟隨主角平山的步調，體會他簡單而純粹的日常。
正如劇中所說：「下次是下次，現在是現在。」 或許，與其期待那不知何時會到來的「下一次」，不如專注於當下，把握每一刻的流動。"
<文溫德斯4K經典影展>我的完美日常,Lynx,4.5,沈靜滿足地過好每一天
<文溫德斯4K經典影展>我的完美日常,edberg,4.5,在尋常日子裡，用心生活、對週遭的人付出關心，每天都是perfect days。音樂很好聽，男主角演技太強大了。
<文溫德斯4K經典影展>我的完美日常,淑群,5.0,真的很療癒 很有禪味 特別是每次 停在樹葉芬飛黑白片中 很值得深思的電影 把生命價值 在無形中 詮釋的很好
<文溫德斯4K經典影展>我的完美日常,佳玉(chia yu),5.0,"很感人的電影 真的很日常。開場的前十分鐘 就讓我心有戚戚焉。這根本是我獨自生活時的樣貌。心中的那一塊 那個世界 只有自己知道。到了一個年紀後 跟他人的互動及相處 雖然淡淡的 但心裏的溫暖 , 只有自己知道。"
<文溫德斯4K經典影展>我的完美日常,（Judy)hueiping chen,4.0,"電影維持一貫日式風格 清淡雋永，不喜歡這種小品的可能會看得很不耐煩。
但若是靜下心來好好觀賞，平凡的日常中的小確幸跟悲傷，在主角細膩演出中，具有強大的後座力！"
<文溫德斯4K經典影展>我的完美日常,ben,0.5,年度助眠大片，失眠者不可錯過
<文溫德斯4K經典影展>巴黎，德州,不明的用戶,5.0,好看
<文溫德斯4K經典影展>巴黎，德州,顏廷祐,5.0,"超好看⋯四十年前的片，非常出色！
節奏還不錯，後面謎團慢慢解開，一家人之間的感情表達也很棒！"
歌劇魅影(20週年經典重映),Sunny Huang,5.0,感謝這次重新上映，才有機會在大螢幕前沉浸在這視覺與聽覺的饗宴。看過音樂劇，但電影版只在電腦前看過，兩種觀看的感受不同，但都很精彩。經典就是經典，悲傷的故事加上雋永的歌曲與配樂，讓人百聽不膩。喜歡歌劇魅影的不要錯過這次重映。
歌劇魅影(20週年經典重映),Miyuki Chang,5.0,感謝重播。後來想找DVD收藏都找不到
